tableName,modelName,fieldName,columnName,xbrlCode,note
quarterly_income_statement_xbrl,QuarterlyIncomeStatementXbrl,symbol,symbol,,
quarterly_income_statement_xbrl,QuarterlyIncomeStatementXbrl,year,year,,
quarterly_income_statement_xbrl,QuarterlyIncomeStatementXbrl,quarter,quarter,,
quarterly_income_statement_xbrl,QuarterlyIncomeStatementXbrl,dataType,data_type,,
quarterly_income_statement_xbrl,QuarterlyIncomeStatementXbrl,subsidiaryCompanyId,subsidiary_company_id,,
quarterly_income_statement_xbrl,QuarterlyIncomeStatementXbrl,reportDate,report_date,,
quarterly_income_statement_xbrl,QuarterlyIncomeStatementXbrl,revenue,revenue,ifrs-full:Revenue,（若無則試 ifrs-full:RevenueFromContractsWithCustomers 等，見 parser.ts 候選清單）
quarterly_income_statement_xbrl,QuarterlyIncomeStatementXbrl,profitLossBeforeTax,profit_loss_before_tax,ifrs-full:ProfitLossBeforeTax,
quarterly_income_statement_xbrl,QuarterlyIncomeStatementXbrl,incomeTaxExpenseContinuingOperations,income_tax_expense_continuing_operations,ifrs-full:IncomeTaxExpenseContinuingOperations,
quarterly_income_statement_xbrl,QuarterlyIncomeStatementXbrl,profitLossFromContinuingOperations,profit_loss_from_continuing_operations,ifrs-full:ProfitLossFromContinuingOperations,
quarterly_income_statement_xbrl,QuarterlyIncomeStatementXbrl,profitLossFromDiscontinuedOperations,profit_loss_from_discontinued_operations,ifrs-full:ProfitLossFromDiscontinuedOperations,
quarterly_income_statement_xbrl,QuarterlyIncomeStatementXbrl,profitLoss,profit_loss,ifrs-full:ProfitLoss,
quarterly_income_statement_xbrl,QuarterlyIncomeStatementXbrl,profitLossAttributableToOwnersOfParent,profit_loss_attributable_to_owners_of_parent,ifrs-full:ProfitLossAttributableToOwnersOfParent,
quarterly_income_statement_xbrl,QuarterlyIncomeStatementXbrl,sellingExpense,selling_expense,ifrs-full:SellingExpense,
quarterly_income_statement_xbrl,QuarterlyIncomeStatementXbrl,administrativeExpense,administrative_expense,ifrs-full:AdministrativeExpense,
quarterly_income_statement_xbrl,QuarterlyIncomeStatementXbrl,researchAndDevelopmentExpense,research_and_development_expense,ifrs-full:ResearchAndDevelopmentExpense,
quarterly_income_statement_xbrl,QuarterlyIncomeStatementXbrl,interestExpense,interest_expense,,銀行/金控用 ifrs-full:InterestExpense；一般業用 tifrs-notes:InterestExpense_n（財務成本附註）， 兩者互斥、依序嘗試，見 parser.ts 說明。跟 ifrs-full:AdjustmentsForInterestExpense（現金流量表 調整項，數值不同）故意分開，不能混用。
quarterly_income_statement_xbrl,QuarterlyIncomeStatementXbrl,grossProfit,gross_profit,ifrs-full:GrossProfit,
quarterly_income_statement_xbrl,QuarterlyIncomeStatementXbrl,financeCosts,finance_costs,ifrs-full:FinanceCosts,
quarterly_income_statement_xbrl,QuarterlyIncomeStatementXbrl,profitLossFromOperatingActivities,profit_loss_from_operating_activities,ifrs-full:ProfitLossFromOperatingActivities,
quarterly_income_statement_xbrl,QuarterlyIncomeStatementXbrl,profitLossAttributableToNoncontrollingInterests,profit_loss_attributable_to_noncontrolling_interests,ifrs-full:ProfitLossAttributableToNoncontrollingInterests,
quarterly_income_statement_xbrl,QuarterlyIncomeStatementXbrl,comprehensiveIncomeAttributableToOwnersOfParent,comprehensive_income_attributable_to_owners_of_parent,ifrs-full:ComprehensiveIncomeAttributableToOwnersOfParent,
quarterly_income_statement_xbrl,QuarterlyIncomeStatementXbrl,comprehensiveIncomeAttributableToNoncontrollingInterests,comprehensive_income_attributable_to_noncontrolling_interests,ifrs-full:ComprehensiveIncomeAttributableToNoncontrollingInterests,
quarterly_income_statement_xbrl,QuarterlyIncomeStatementXbrl,otherRevenue,other_revenue,ifrs-full:OtherRevenue,
quarterly_income_statement_xbrl,QuarterlyIncomeStatementXbrl,otherGainsLosses,other_gains_losses,ifrs-full:OtherGainsLosses,
quarterly_income_statement_xbrl,QuarterlyIncomeStatementXbrl,revenueFromDividends,revenue_from_dividends,ifrs-full:RevenueFromDividends,
quarterly_income_statement_xbrl,QuarterlyIncomeStatementXbrl,revenueFromInterest,revenue_from_interest,ifrs-full:RevenueFromInterest,
quarterly_income_statement_xbrl,QuarterlyIncomeStatementXbrl,shareOfProfitLossOfAssociatesAndJointVenturesAccountedForUsingEquityMethod,share_of_profit_loss_of_associates_and_jvs,ifrs-full:ShareOfProfitLossOfAssociatesAndJointVenturesAccountedForUsingEquityMethod,
quarterly_income_statement_xbrl,QuarterlyIncomeStatementXbrl,gainsOnDisposalsOfInvestments,gains_on_disposals_of_investments,ifrs-full:GainsOnDisposalsOfInvestments,
quarterly_income_statement_xbrl,QuarterlyIncomeStatementXbrl,gainsOnDisposalsOfPropertyPlantAndEquipment,gains_on_disposals_of_ppe,ifrs-full:GainsOnDisposalsOfPropertyPlantAndEquipment,
quarterly_income_statement_xbrl,QuarterlyIncomeStatementXbrl,basicEarningsLossPerShare,basic_earnings_loss_per_share,ifrs-full:BasicEarningsLossPerShare,
quarterly_income_statement_xbrl,QuarterlyIncomeStatementXbrl,dilutedEarningsLossPerShare,diluted_earnings_loss_per_share,ifrs-full:DilutedEarningsLossPerShare,
quarterly_income_statement_xbrl,QuarterlyIncomeStatementXbrl,impairmentLossImpairmentGainAndReversalOfImpairmentLossDeterminedInAccordanceWithIFRS9,impairment_loss_gain_reversal_ifrs9,ifrs-full:ImpairmentLossImpairmentGainAndReversalOfImpairmentLossDeterminedInAccordanceWithIFRS9,
quarterly_income_statement_xbrl,QuarterlyIncomeStatementXbrl,incomeTaxRelatingToComponentsOfOtherComprehensiveIncomeThatWillNotBeReclassifiedToProfitOrLoss,income_tax_oci_not_reclassified,ifrs-full:IncomeTaxRelatingToComponentsOfOtherComprehensiveIncomeThatWillNotBeReclassifiedToProfitOrLoss,
quarterly_income_statement_xbrl,QuarterlyIncomeStatementXbrl,operatingExpense,operating_expense,ifrs-full:OperatingExpense,
quarterly_income_statement_xbrl,QuarterlyIncomeStatementXbrl,otherComprehensiveIncomeBeforeTaxExchangeDifferencesOnTranslation,oci_before_tax_translation_diff,ifrs-full:OtherComprehensiveIncomeBeforeTaxExchangeDifferencesOnTranslation,
quarterly_income_statement_xbrl,QuarterlyIncomeStatementXbrl,otherComprehensiveIncomeBeforeTaxGainsLossesFromInvestmentsInEquityInstruments,oci_before_tax_equity_instruments,ifrs-full:OtherComprehensiveIncomeBeforeTaxGainsLossesFromInvestmentsInEquityInstruments,
quarterly_income_statement_xbrl,QuarterlyIncomeStatementXbrl,otherComprehensiveIncomeBeforeTaxGainsLossesOnRemeasurementsOfDefinedBenefitPlans,oci_before_tax_defined_benefit_remeasure,ifrs-full:OtherComprehensiveIncomeBeforeTaxGainsLossesOnRemeasurementsOfDefinedBenefitPlans,
quarterly_income_statement_xbrl,QuarterlyIncomeStatementXbrl,otherComprehensiveIncomeThatWillBeReclassifiedToProfitOrLossNetOfTax,oci_will_be_reclassified_net_of_tax,ifrs-full:OtherComprehensiveIncomeThatWillBeReclassifiedToProfitOrLossNetOfTax,
quarterly_income_statement_xbrl,QuarterlyIncomeStatementXbrl,otherComprehensiveIncomeThatWillNotBeReclassifiedToProfitOrLossNetOfTax,oci_will_not_be_reclassified_net_of_tax,ifrs-full:OtherComprehensiveIncomeThatWillNotBeReclassifiedToProfitOrLossNetOfTax,
quarterly_income_statement_xbrl,QuarterlyIncomeStatementXbrl,shareOfOtherComprehensiveIncomeOfAssociatesAndJointVenturesAccountedForUsingEquityMethodThatWillBeReclassifiedToProfitOrLossBeforeTax,share_of_oci_associates_jv_will_be_reclassified,ifrs-full:ShareOfOtherComprehensiveIncomeOfAssociatesAndJointVenturesAccountedForUsingEquityMethodThatWillBeReclassifiedToProfitOrLossBeforeTax,
quarterly_income_statement_xbrl,QuarterlyIncomeStatementXbrl,shareOfOtherComprehensiveIncomeOfAssociatesAndJointVenturesAccountedForUsingEquityMethodThatWillNotBeReclassifiedToProfitOrLossBeforeTax,share_of_oci_associates_jv_will_not_be_reclassified,ifrs-full:ShareOfOtherComprehensiveIncomeOfAssociatesAndJointVenturesAccountedForUsingEquityMethodThatWillNotBeReclassifiedToProfitOrLossBeforeTax,
quarterly_income_statement_xbrl,QuarterlyIncomeStatementXbrl,gainRecognisedInBargainPurchaseTransaction,gain_recognised_in_bargain_purchase_transaction,ifrs-full:GainRecognisedInBargainPurchaseTransaction,
quarterly_income_statement_xbrl,QuarterlyIncomeStatementXbrl,nonoperatingIncomeAndExpenses,nonoperating_income_and_expenses,tifrs-bsci-ci:NonoperatingIncomeAndExpenses,
quarterly_income_statement_xbrl,QuarterlyIncomeStatementXbrl,operatingCosts,operating_costs,tifrs-bsci-ci:OperatingCosts,
quarterly_income_statement_xbrl,QuarterlyIncomeStatementXbrl,otherIncomeOthers,other_income_others,tifrs-bsci-ci:OtherIncomeOthers,
quarterly_income_statement_xbrl,QuarterlyIncomeStatementXbrl,foreignExchangeLosses,foreign_exchange_losses,tifrs-bsci-ci:ForeignExchangeLosses,
quarterly_income_statement_xbrl,QuarterlyIncomeStatementXbrl,miscellaneousDisbursements,miscellaneous_disbursements,tifrs-bsci-ci:MiscellaneousDisbursements,
quarterly_income_statement_xbrl,QuarterlyIncomeStatementXbrl,gainsLossesOnHedgingInstrument,gains_losses_on_hedging_instrument,tifrs-bsci-ci:GainsLossesOnHedgingInstrument,
quarterly_income_statement_xbrl,QuarterlyIncomeStatementXbrl,gainsOnFinancialAssetsLiabilitiesAtFairValueThroughProfitOrLossNonoperating,gains_on_fin_assets_liabilities_fvtpl_nonoperating,tifrs-bsci-ci:GainsOnFinancialAssetsLiabilitiesAtFairValueThroughProfitOrLoss-NonoperatingIncomeAndExpenses,
quarterly_income_statement_xbrl,QuarterlyIncomeStatementXbrl,grossProfitLossFromOperations,gross_profit_loss_from_operations,tifrs-bsci-ci:GrossProfitLossFromOperations,
quarterly_income_statement_xbrl,QuarterlyIncomeStatementXbrl,netOtherIncomeExpenses,net_other_income_expenses,tifrs-bsci-ci:NetOtherIncomeExpenses,
quarterly_income_statement_xbrl,QuarterlyIncomeStatementXbrl,basicEarningsLossPerShareFromContinuingOperations,basic_eps_from_continuing_ops,ifrs-full:BasicEarningsLossPerShareFromContinuingOperations,
quarterly_income_statement_xbrl,QuarterlyIncomeStatementXbrl,dilutedEarningsLossPerShareFromContinuingOperations,diluted_eps_from_continuing_ops,ifrs-full:DilutedEarningsLossPerShareFromContinuingOperations,
quarterly_income_statement_xbrl,QuarterlyIncomeStatementXbrl,rawContextRef,raw_context_ref,,除錯用：實際比對到的 contextRef（例如 profitLossBeforeTax 用哪個），方便日後追查比對邏輯有沒有選錯期間。
quarterly_income_statement_xbrl,QuarterlyIncomeStatementXbrl,createdAt,created_at,,
quarterly_income_statement_xbrl,QuarterlyIncomeStatementXbrl,updatedAt,updated_at,,
quarterly_balance_sheet_xbrl,QuarterlyBalanceSheetXbrl,symbol,symbol,,
quarterly_balance_sheet_xbrl,QuarterlyBalanceSheetXbrl,year,year,,
quarterly_balance_sheet_xbrl,QuarterlyBalanceSheetXbrl,quarter,quarter,,
quarterly_balance_sheet_xbrl,QuarterlyBalanceSheetXbrl,dataType,data_type,,
quarterly_balance_sheet_xbrl,QuarterlyBalanceSheetXbrl,subsidiaryCompanyId,subsidiary_company_id,,
quarterly_balance_sheet_xbrl,QuarterlyBalanceSheetXbrl,reportDate,report_date,,
quarterly_balance_sheet_xbrl,QuarterlyBalanceSheetXbrl,assets,assets,ifrs-full:Assets,
quarterly_balance_sheet_xbrl,QuarterlyBalanceSheetXbrl,currentAssets,current_assets,ifrs-full:CurrentAssets,
quarterly_balance_sheet_xbrl,QuarterlyBalanceSheetXbrl,liabilities,liabilities,ifrs-full:Liabilities,
quarterly_balance_sheet_xbrl,QuarterlyBalanceSheetXbrl,currentLiabilities,current_liabilities,ifrs-full:CurrentLiabilities,
quarterly_balance_sheet_xbrl,QuarterlyBalanceSheetXbrl,equity,equity,ifrs-full:Equity,
quarterly_balance_sheet_xbrl,QuarterlyBalanceSheetXbrl,cashAndCashEquivalents,cash_and_cash_equivalents,ifrs-full:CashAndCashEquivalents,
quarterly_balance_sheet_xbrl,QuarterlyBalanceSheetXbrl,propertyPlantAndEquipment,property_plant_and_equipment,ifrs-full:PropertyPlantAndEquipment,
quarterly_balance_sheet_xbrl,QuarterlyBalanceSheetXbrl,rightofuseAssets,rightofuse_assets,ifrs-full:RightofuseAssets,
quarterly_balance_sheet_xbrl,QuarterlyBalanceSheetXbrl,retainedEarnings,retained_earnings,ifrs-full:RetainedEarnings,
quarterly_balance_sheet_xbrl,QuarterlyBalanceSheetXbrl,issuedCapital,issued_capital,ifrs-full:IssuedCapital,
quarterly_balance_sheet_xbrl,QuarterlyBalanceSheetXbrl,treasuryShares,treasury_shares,ifrs-full:TreasuryShares,
quarterly_balance_sheet_xbrl,QuarterlyBalanceSheetXbrl,shorttermBorrowings,shortterm_borrowings,ifrs-full:ShorttermBorrowings,
quarterly_balance_sheet_xbrl,QuarterlyBalanceSheetXbrl,longtermBorrowings,longterm_borrowings,ifrs-full:LongtermBorrowings,
quarterly_balance_sheet_xbrl,QuarterlyBalanceSheetXbrl,noncurrentFinanceLeaseLiabilities,noncurrent_finance_lease_liabilities,ifrs-full:NoncurrentFinanceLeaseLiabilities,
quarterly_balance_sheet_xbrl,QuarterlyBalanceSheetXbrl,noncurrentProvisions,noncurrent_provisions,ifrs-full:NoncurrentProvisions,
quarterly_balance_sheet_xbrl,QuarterlyBalanceSheetXbrl,currentContractLiabilities,current_contract_liabilities,ifrs-full:CurrentContractLiabilities,
quarterly_balance_sheet_xbrl,QuarterlyBalanceSheetXbrl,currentDividendPayables,current_dividend_payables,ifrs-full:CurrentDividendPayables,
quarterly_balance_sheet_xbrl,QuarterlyBalanceSheetXbrl,currentFinancialAssetsAtAmortisedCost,current_fin_assets_amortised_cost,ifrs-full:CurrentFinancialAssetsAtAmortisedCost,
quarterly_balance_sheet_xbrl,QuarterlyBalanceSheetXbrl,currentFinancialAssetsAtFairValueThroughOtherComprehensiveIncome,current_fin_assets_fvtoci,ifrs-full:CurrentFinancialAssetsAtFairValueThroughOtherComprehensiveIncome,
quarterly_balance_sheet_xbrl,QuarterlyBalanceSheetXbrl,currentFinancialAssetsAtFairValueThroughProfitOrLoss,current_fin_assets_fvtpl,ifrs-full:CurrentFinancialAssetsAtFairValueThroughProfitOrLoss,
quarterly_balance_sheet_xbrl,QuarterlyBalanceSheetXbrl,currentFinancialLiabilitiesAtFairValueThroughProfitOrLoss,current_fin_liabilities_fvtpl,ifrs-full:CurrentFinancialLiabilitiesAtFairValueThroughProfitOrLoss,
quarterly_balance_sheet_xbrl,QuarterlyBalanceSheetXbrl,currentPrepayments,current_prepayments,ifrs-full:CurrentPrepayments,
quarterly_balance_sheet_xbrl,QuarterlyBalanceSheetXbrl,currentTaxLiabilities,current_tax_liabilities,ifrs-full:CurrentTaxLiabilities,
quarterly_balance_sheet_xbrl,QuarterlyBalanceSheetXbrl,deferredTaxAssets,deferred_tax_assets,ifrs-full:DeferredTaxAssets,
quarterly_balance_sheet_xbrl,QuarterlyBalanceSheetXbrl,deferredTaxLiabilities,deferred_tax_liabilities,ifrs-full:DeferredTaxLiabilities,
quarterly_balance_sheet_xbrl,QuarterlyBalanceSheetXbrl,equityAttributableToOwnersOfParent,equity_attributable_to_owners_of_parent,ifrs-full:EquityAttributableToOwnersOfParent,
quarterly_balance_sheet_xbrl,QuarterlyBalanceSheetXbrl,hedgingInstrumentLiabilities,hedging_instrument_liabilities,ifrs-full:HedgingInstrumentLiabilities,
quarterly_balance_sheet_xbrl,QuarterlyBalanceSheetXbrl,intangibleAssetsAndGoodwill,intangible_assets_and_goodwill,ifrs-full:IntangibleAssetsAndGoodwill,
quarterly_balance_sheet_xbrl,QuarterlyBalanceSheetXbrl,inventories,inventories,ifrs-full:Inventories,
quarterly_balance_sheet_xbrl,QuarterlyBalanceSheetXbrl,investmentAccountedForUsingEquityMethod,investment_using_equity_method,ifrs-full:InvestmentAccountedForUsingEquityMethod,
quarterly_balance_sheet_xbrl,QuarterlyBalanceSheetXbrl,investmentProperty,investment_property,ifrs-full:InvestmentProperty,
quarterly_balance_sheet_xbrl,QuarterlyBalanceSheetXbrl,noncontrollingInterests,noncontrolling_interests,ifrs-full:NoncontrollingInterests,
quarterly_balance_sheet_xbrl,QuarterlyBalanceSheetXbrl,noncurrentAssets,noncurrent_assets,ifrs-full:NoncurrentAssets,
quarterly_balance_sheet_xbrl,QuarterlyBalanceSheetXbrl,noncurrentFinanceLeaseReceivables,noncurrent_finance_lease_receivables,ifrs-full:NoncurrentFinanceLeaseReceivables,
quarterly_balance_sheet_xbrl,QuarterlyBalanceSheetXbrl,noncurrentFinancialAssetsAtAmortisedCost,noncurrent_fin_assets_amortised_cost,ifrs-full:NoncurrentFinancialAssetsAtAmortisedCost,
quarterly_balance_sheet_xbrl,QuarterlyBalanceSheetXbrl,noncurrentFinancialAssetsAtFairValueThroughOtherComprehensiveIncome,noncurrent_fin_assets_fvtoci,ifrs-full:NoncurrentFinancialAssetsAtFairValueThroughOtherComprehensiveIncome,
quarterly_balance_sheet_xbrl,QuarterlyBalanceSheetXbrl,noncurrentFinancialAssetsAtFairValueThroughProfitOrLoss,noncurrent_fin_assets_fvtpl,ifrs-full:NoncurrentFinancialAssetsAtFairValueThroughProfitOrLoss,
quarterly_balance_sheet_xbrl,QuarterlyBalanceSheetXbrl,noncurrentLiabilities,noncurrent_liabilities,ifrs-full:NoncurrentLiabilities,
quarterly_balance_sheet_xbrl,QuarterlyBalanceSheetXbrl,noncurrentPayablesToRelatedParties,noncurrent_payables_to_related_parties,ifrs-full:NoncurrentPayablesToRelatedParties,
quarterly_balance_sheet_xbrl,QuarterlyBalanceSheetXbrl,noncurrentPortionOfNoncurrentBondsIssued,noncurrent_portion_of_bonds_issued,ifrs-full:NoncurrentPortionOfNoncurrentBondsIssued,
quarterly_balance_sheet_xbrl,QuarterlyBalanceSheetXbrl,noncurrentRecognisedLiabilitiesDefinedBenefitPlan,noncurrent_liabilities_defined_benefit,ifrs-full:NoncurrentRecognisedLiabilitiesDefinedBenefitPlan,
quarterly_balance_sheet_xbrl,QuarterlyBalanceSheetXbrl,otherCurrentAssets,other_current_assets,ifrs-full:OtherCurrentAssets,
quarterly_balance_sheet_xbrl,QuarterlyBalanceSheetXbrl,otherCurrentLiabilities,other_current_liabilities,ifrs-full:OtherCurrentLiabilities,
quarterly_balance_sheet_xbrl,QuarterlyBalanceSheetXbrl,otherCurrentPayables,other_current_payables,ifrs-full:OtherCurrentPayables,
quarterly_balance_sheet_xbrl,QuarterlyBalanceSheetXbrl,otherCurrentReceivables,other_current_receivables,ifrs-full:OtherCurrentReceivables,
quarterly_balance_sheet_xbrl,QuarterlyBalanceSheetXbrl,otherEquityInterest,other_equity_interest,ifrs-full:OtherEquityInterest,
quarterly_balance_sheet_xbrl,QuarterlyBalanceSheetXbrl,otherNoncurrentAssets,other_noncurrent_assets,ifrs-full:OtherNoncurrentAssets,
quarterly_balance_sheet_xbrl,QuarterlyBalanceSheetXbrl,otherNoncurrentLiabilities,other_noncurrent_liabilities,ifrs-full:OtherNoncurrentLiabilities,
quarterly_balance_sheet_xbrl,QuarterlyBalanceSheetXbrl,capitalReserve,capital_reserve,ifrs-full:CapitalReserve,
quarterly_balance_sheet_xbrl,QuarterlyBalanceSheetXbrl,tradeAndOtherCurrentPayablesToRelatedParties,trade_payables_to_related_parties,ifrs-full:TradeAndOtherCurrentPayablesToRelatedParties,
quarterly_balance_sheet_xbrl,QuarterlyBalanceSheetXbrl,tradeAndOtherCurrentPayablesToTradeSuppliers,trade_payables_to_trade_suppliers,ifrs-full:TradeAndOtherCurrentPayablesToTradeSuppliers,
quarterly_balance_sheet_xbrl,QuarterlyBalanceSheetXbrl,currentBondsIssuedAndCurrentPortionOfNoncurrentBondsIssued,current_bonds_issued_and_portion,ifrs-full:CurrentBondsIssuedAndCurrentPortionOfNoncurrentBondsIssued,
quarterly_balance_sheet_xbrl,QuarterlyBalanceSheetXbrl,currentCommercialPapersIssuedAndCurrentPortionOfNoncurrentCommercialPapersIssued,current_cp_issued_and_portion,ifrs-full:CurrentCommercialPapersIssuedAndCurrentPortionOfNoncurrentCommercialPapersIssued,
quarterly_balance_sheet_xbrl,QuarterlyBalanceSheetXbrl,noncurrentAssetsOrDisposalGroupsClassifiedAsHeldForSale,noncurrent_assets_held_for_sale,ifrs-full:NoncurrentAssetsOrDisposalGroupsClassifiedAsHeldForSale,
quarterly_balance_sheet_xbrl,QuarterlyBalanceSheetXbrl,recognisedAssetsDefinedBenefitPlan,recognised_assets_defined_benefit_plan,ifrs-full:RecognisedAssetsDefinedBenefitPlan,
quarterly_balance_sheet_xbrl,QuarterlyBalanceSheetXbrl,currentContractAssets,current_contract_assets,ifrs-full:CurrentContractAssets,
quarterly_balance_sheet_xbrl,QuarterlyBalanceSheetXbrl,currentLeaseLiabilities,current_lease_liabilities,ifrs-full:CurrentLeaseLiabilities,/ tifrs-bsci-ci:CurrentLeaseLiabilities
quarterly_balance_sheet_xbrl,QuarterlyBalanceSheetXbrl,currentPortionOfLongtermBorrowings,current_portion_of_longterm_borrowings,ifrs-full:CurrentPortionOfLongtermBorrowings,
quarterly_balance_sheet_xbrl,QuarterlyBalanceSheetXbrl,currentProvisions,current_provisions,ifrs-full:CurrentProvisions,
quarterly_balance_sheet_xbrl,QuarterlyBalanceSheetXbrl,hedgingInstrumentAssets,hedging_instrument_assets,ifrs-full:HedgingInstrumentAssets,
quarterly_balance_sheet_xbrl,QuarterlyBalanceSheetXbrl,noncurrentContractAssets,noncurrent_contract_assets,ifrs-full:NoncurrentContractAssets,
quarterly_balance_sheet_xbrl,QuarterlyBalanceSheetXbrl,noncurrentContractLiabilities,noncurrent_contract_liabilities,ifrs-full:NoncurrentContractLiabilities,
quarterly_balance_sheet_xbrl,QuarterlyBalanceSheetXbrl,noncurrentLeaseLiabilities,noncurrent_lease_liabilities,ifrs-full:NoncurrentLeaseLiabilities,
quarterly_balance_sheet_xbrl,QuarterlyBalanceSheetXbrl,noncurrentLeasePrepayments,noncurrent_lease_prepayments,ifrs-full:NoncurrentLeasePrepayments,
quarterly_balance_sheet_xbrl,QuarterlyBalanceSheetXbrl,otherCurrentFinancialAssets,other_current_financial_assets,ifrs-full:OtherCurrentFinancialAssets,
quarterly_balance_sheet_xbrl,QuarterlyBalanceSheetXbrl,statutoryReserve,statutory_reserve,ifrs-full:StatutoryReserve,
quarterly_balance_sheet_xbrl,QuarterlyBalanceSheetXbrl,longtermLiabilitiesCurrentPortion,longterm_liabilities_current_portion,tifrs-bsci-ci:LongtermLiabilitiesCurrentPortion,
quarterly_balance_sheet_xbrl,QuarterlyBalanceSheetXbrl,longtermNotesAndAccountsPayable,longterm_notes_and_accounts_payable,tifrs-bsci-ci:LongtermNotesAndAccountsPayable,
quarterly_balance_sheet_xbrl,QuarterlyBalanceSheetXbrl,notesReceivableNet,notes_receivable_net,tifrs-bsci-ci:NotesReceivableNet,
quarterly_balance_sheet_xbrl,QuarterlyBalanceSheetXbrl,ordinaryShare,ordinary_share,tifrs-bsci-ci:OrdinaryShare,
quarterly_balance_sheet_xbrl,QuarterlyBalanceSheetXbrl,otherCurrentAssetsOthers,other_current_assets_others,tifrs-bsci-ci:OtherCurrentAssetsOthers,
quarterly_balance_sheet_xbrl,QuarterlyBalanceSheetXbrl,otherCurrentLiabilitiesOthers,other_current_liabilities_others,tifrs-bsci-ci:OtherCurrentLiabilitiesOthers,
quarterly_balance_sheet_xbrl,QuarterlyBalanceSheetXbrl,otherNoncurrentAssetsOthers,other_noncurrent_assets_others,tifrs-bsci-ci:OtherNoncurrentAssetsOthers,
quarterly_balance_sheet_xbrl,QuarterlyBalanceSheetXbrl,otherNoncurrentLiabilitiesOthers,other_noncurrent_liabilities_others,tifrs-bsci-ci:OtherNoncurrentLiabilitiesOthers,
quarterly_balance_sheet_xbrl,QuarterlyBalanceSheetXbrl,preferenceShare,preference_share,tifrs-bsci-ci:PreferenceShare,
quarterly_balance_sheet_xbrl,QuarterlyBalanceSheetXbrl,prepaymentsForBusinessFacilities,prepayments_for_business_facilities,tifrs-bsci-ci:PrepaymentsForBusinessFacilities,
quarterly_balance_sheet_xbrl,QuarterlyBalanceSheetXbrl,specialReserve,special_reserve,tifrs-bsci-ci:SpecialReserve,
quarterly_balance_sheet_xbrl,QuarterlyBalanceSheetXbrl,currentAssetsRecognisedAsIncrementalCostsToObtainContractWithCustomers,current_assets_incremental_costs_contract,tifrs-bsci-ci:CurrentAssetsRecognisedAsIncrementalCostsToObtainContractWithCustomers,
quarterly_balance_sheet_xbrl,QuarterlyBalanceSheetXbrl,noncurrentAssetsRecognisedAsIncrementalCostsToObtainContractWithCustomers,noncurrent_assets_incremental_costs_contract,tifrs-bsci-ci:NoncurrentAssetsRecognisedAsIncrementalCostsToObtainContractWithCustomers,
quarterly_balance_sheet_xbrl,QuarterlyBalanceSheetXbrl,unappropriatedRetainedEarningsAaccumulatedDeficit,unappropriated_retained_earnings_aaccumulated_deficit,tifrs-bsci-ci:UnappropriatedRetainedEarningsAaccumulatedDeficit,
quarterly_balance_sheet_xbrl,QuarterlyBalanceSheetXbrl,accountsReceivableNet,accounts_receivable_net,tifrs-bsci-ci:AccountsReceivableNet,
quarterly_balance_sheet_xbrl,QuarterlyBalanceSheetXbrl,accountsReceivableDuefromRelatedPartiesNet,accounts_receivable_duefrom_related_parties_net,tifrs-bsci-ci:AccountsReceivableDuefromRelatedPartiesNet,
quarterly_balance_sheet_xbrl,QuarterlyBalanceSheetXbrl,guaranteeDepositsReceived,guarantee_deposits_received,tifrs-bsci-ci:GuaranteeDepositsReceived,
quarterly_balance_sheet_xbrl,QuarterlyBalanceSheetXbrl,otherReceivablesDueFromRelatedParties,other_receivables_due_from_related_parties,tifrs-bsci-ci:OtherReceivablesDueFromRelatedParties,", GL 1210"
quarterly_balance_sheet_xbrl,QuarterlyBalanceSheetXbrl,otherPayablesOthers,other_payables_others,tifrs-bsci-ci:OtherPayablesOthers,", GL 2219"
quarterly_balance_sheet_xbrl,QuarterlyBalanceSheetXbrl,otherPayablesToRelatedParties,other_payables_to_related_parties,tifrs-bsci-ci:OtherPayablesToRelatedParties,", GL 2220"
quarterly_balance_sheet_xbrl,QuarterlyBalanceSheetXbrl,effectOfRetrospectiveApplicationAndRetrospectiveRestatement,effect_of_retrospective_application_and_restatement,tifrs-bsci-ci:EffectOfRetrospectiveApplicationAndRetrospectiveRestatement,", GL 3352"
quarterly_balance_sheet_xbrl,QuarterlyBalanceSheetXbrl,equivalentIssueSharesOfAdvanceReceiptsForOrdinaryShare,equivalent_issue_shares_of_advance_receipts_ordinary,tifrs-bsci-ci:EquivalentIssueSharesOfAdvanceReceiptsForOrdinaryShare,", GL 3998"
quarterly_balance_sheet_xbrl,QuarterlyBalanceSheetXbrl,numberOfSharesInEntityHeldByEntityAndByItsSubsidiaries,number_of_shares_held_by_entity_and_subsidiaries,tifrs-bsci-ci:NumberOfSharesInEntityHeldByEntityAndByItsSubsidiaries,", GL 3999"
quarterly_balance_sheet_xbrl,QuarterlyBalanceSheetXbrl,capitalAdequacyRatio,capital_adequacy_ratio,,銀行單體用 tifrs-notes:CapitalAdequacyRatio，金控用 tifrs-notes:GroupCapitalAdequacyRatio， 兩者互斥、依序嘗試，見 parser.ts 說明。一般業結構性沒有這個科目，誠實 null。
quarterly_balance_sheet_xbrl,QuarterlyBalanceSheetXbrl,rawContextRef,raw_context_ref,,
quarterly_balance_sheet_xbrl,QuarterlyBalanceSheetXbrl,createdAt,created_at,,
quarterly_balance_sheet_xbrl,QuarterlyBalanceSheetXbrl,updatedAt,updated_at,,
cumulative_cash_flow_statement_xbrl,CumulativeCashFlowStatementXbrl,symbol,symbol,,
cumulative_cash_flow_statement_xbrl,CumulativeCashFlowStatementXbrl,year,year,,
cumulative_cash_flow_statement_xbrl,CumulativeCashFlowStatementXbrl,quarter,quarter,,
cumulative_cash_flow_statement_xbrl,CumulativeCashFlowStatementXbrl,dataType,data_type,,
cumulative_cash_flow_statement_xbrl,CumulativeCashFlowStatementXbrl,subsidiaryCompanyId,subsidiary_company_id,,
cumulative_cash_flow_statement_xbrl,CumulativeCashFlowStatementXbrl,reportDate,report_date,,
cumulative_cash_flow_statement_xbrl,CumulativeCashFlowStatementXbrl,cashFlowsFromUsedInOperatingActivities,cash_flows_from_used_in_operating_activities,ifrs-full:CashFlowsFromUsedInOperatingActivities,
cumulative_cash_flow_statement_xbrl,CumulativeCashFlowStatementXbrl,increaseDecreaseInCashAndCashEquivalents,increase_decrease_in_cash_and_cash_equivalents,ifrs-full:IncreaseDecreaseInCashAndCashEquivalents,
cumulative_cash_flow_statement_xbrl,CumulativeCashFlowStatementXbrl,effectOfExchangeRateChangesOnCashAndCashEquivalents,effect_of_exchange_rate_changes_on_cash_and_cash_equivalents,ifrs-full:EffectOfExchangeRateChangesOnCashAndCashEquivalents,
cumulative_cash_flow_statement_xbrl,CumulativeCashFlowStatementXbrl,cashFlowsFromUsedInFinancingActivities,cash_flows_from_used_in_financing_activities,tifrs-SCF:CashFlowsFromUsedInFinancingActivities,
cumulative_cash_flow_statement_xbrl,CumulativeCashFlowStatementXbrl,cashAndCashEquivalentsAtBeginningOfPeriod,cash_and_cash_equivalents_at_beginning_of_period,tifrs-SCF:CashAndCashEquivalentsAtBeginningOfPeriod,
cumulative_cash_flow_statement_xbrl,CumulativeCashFlowStatementXbrl,cashAndCashEquivalentsAtEndOfPeriod,cash_and_cash_equivalents_at_end_of_period,tifrs-SCF:CashAndCashEquivalentsAtEndOfPeriod,
cumulative_cash_flow_statement_xbrl,CumulativeCashFlowStatementXbrl,decreaseIncreaseInAccountsReceivable,decrease_increase_in_accounts_receivable,tifrs-SCF:DecreaseIncreaseInAccountsReceivable,
cumulative_cash_flow_statement_xbrl,CumulativeCashFlowStatementXbrl,increaseDecreaseInAccountsPayable,increase_decrease_in_accounts_payable,tifrs-SCF:IncreaseDecreaseInAccountsPayable,
cumulative_cash_flow_statement_xbrl,CumulativeCashFlowStatementXbrl,increaseDecreaseInContractLiabilities,increase_decrease_in_contract_liabilities,tifrs-SCF:IncreaseDecreaseInContractLiabilities,
cumulative_cash_flow_statement_xbrl,CumulativeCashFlowStatementXbrl,adjustmentsForDepreciationExpense,adj_depreciation_expense,ifrs-full:AdjustmentsForDepreciationExpense,
cumulative_cash_flow_statement_xbrl,CumulativeCashFlowStatementXbrl,adjustmentsForAmortisationExpense,adj_amortisation_expense,ifrs-full:AdjustmentsForAmortisationExpense,
cumulative_cash_flow_statement_xbrl,CumulativeCashFlowStatementXbrl,adjustmentsForDecreaseIncreaseInInventories,adj_decrease_increase_in_inventories,ifrs-full:AdjustmentsForDecreaseIncreaseInInventories,
cumulative_cash_flow_statement_xbrl,CumulativeCashFlowStatementXbrl,adjustmentsForDecreaseIncreaseInOtherCurrentAssets,adj_decrease_increase_in_other_current_assets,ifrs-full:AdjustmentsForDecreaseIncreaseInOtherCurrentAssets,
cumulative_cash_flow_statement_xbrl,CumulativeCashFlowStatementXbrl,adjustmentsForDividendIncome,adj_dividend_income,ifrs-full:AdjustmentsForDividendIncome,
cumulative_cash_flow_statement_xbrl,CumulativeCashFlowStatementXbrl,adjustmentsForInterestExpense,adj_interest_expense,ifrs-full:AdjustmentsForInterestExpense,
cumulative_cash_flow_statement_xbrl,CumulativeCashFlowStatementXbrl,adjustmentsForGainLossOnDisposalsPropertyPlantAndEquipment,adj_gain_loss_on_disposals_ppe,ifrs-full:AdjustmentsForGainLossOnDisposalsPropertyPlantAndEquipment,
cumulative_cash_flow_statement_xbrl,CumulativeCashFlowStatementXbrl,adjustmentsForIncreaseDecreaseInOtherCurrentLiabilities,adj_increase_decrease_in_other_current_liabilities,ifrs-full:AdjustmentsForIncreaseDecreaseInOtherCurrentLiabilities,
cumulative_cash_flow_statement_xbrl,CumulativeCashFlowStatementXbrl,adjustmentsForInterestIncome,adj_interest_income,ifrs-full:AdjustmentsForInterestIncome,
cumulative_cash_flow_statement_xbrl,CumulativeCashFlowStatementXbrl,adjustmentsForSharebasedPayments,adj_sharebased_payments,ifrs-full:AdjustmentsForSharebasedPayments,
cumulative_cash_flow_statement_xbrl,CumulativeCashFlowStatementXbrl,adjustmentsForUnrealisedForeignExchangeLossesGains,adj_unrealised_fx_losses_gains,ifrs-full:AdjustmentsForUnrealisedForeignExchangeLossesGains,
cumulative_cash_flow_statement_xbrl,CumulativeCashFlowStatementXbrl,otherAdjustmentsToReconcileProfitLoss,other_adjustments_to_reconcile_profit_loss,ifrs-full:OtherAdjustmentsToReconcileProfitLoss,
cumulative_cash_flow_statement_xbrl,CumulativeCashFlowStatementXbrl,cashFlowsFromUsedInOperations,cash_flows_from_used_in_operations,ifrs-full:CashFlowsFromUsedInOperations,
cumulative_cash_flow_statement_xbrl,CumulativeCashFlowStatementXbrl,decreaseIncreaseInAssetsRecognisedAsIncrementalCostsToObtainContractWithCustomers,decrease_increase_incremental_costs_contract,tifrs-SCF:DecreaseIncreaseInAssetsRecognisedAsIncrementalCostsToObtainContractWithCustomers,
cumulative_cash_flow_statement_xbrl,CumulativeCashFlowStatementXbrl,dividendsPaidClassifiedAsFinancingActivities,dividends_paid_financing,ifrs-full:DividendsPaidClassifiedAsFinancingActivities,
cumulative_cash_flow_statement_xbrl,CumulativeCashFlowStatementXbrl,dividendsReceivedClassifiedAsInvestingActivities,dividends_received_investing,ifrs-full:DividendsReceivedClassifiedAsInvestingActivities,
cumulative_cash_flow_statement_xbrl,CumulativeCashFlowStatementXbrl,incomeTaxesPaidRefundClassifiedAsOperatingActivities,income_taxes_paid_refund_operating,ifrs-full:IncomeTaxesPaidRefundClassifiedAsOperatingActivities,
cumulative_cash_flow_statement_xbrl,CumulativeCashFlowStatementXbrl,interestPaidClassifiedAsFinancingActivities,interest_paid_financing,ifrs-full:InterestPaidClassifiedAsFinancingActivities,
cumulative_cash_flow_statement_xbrl,CumulativeCashFlowStatementXbrl,interestReceivedClassifiedAsInvestingActivities,interest_received_investing,ifrs-full:InterestReceivedClassifiedAsInvestingActivities,
cumulative_cash_flow_statement_xbrl,CumulativeCashFlowStatementXbrl,paymentsOfLeaseLiabilitiesClassifiedAsFinancingActivities,payments_of_lease_liabilities_financing,ifrs-full:PaymentsOfLeaseLiabilitiesClassifiedAsFinancingActivities,
cumulative_cash_flow_statement_xbrl,CumulativeCashFlowStatementXbrl,proceedsFromSalesOfInvestmentProperty,proceeds_from_sales_of_investment_property,ifrs-full:ProceedsFromSalesOfInvestmentProperty,
cumulative_cash_flow_statement_xbrl,CumulativeCashFlowStatementXbrl,proceedsFromSalesOfPropertyPlantAndEquipmentClassifiedAsInvestingActivities,proceeds_from_sales_of_ppe_investing,ifrs-full:ProceedsFromSalesOfPropertyPlantAndEquipmentClassifiedAsInvestingActivities,
cumulative_cash_flow_statement_xbrl,CumulativeCashFlowStatementXbrl,purchaseOfIntangibleAssetsClassifiedAsInvestingActivities,purchase_of_intangible_assets_investing,ifrs-full:PurchaseOfIntangibleAssetsClassifiedAsInvestingActivities,
cumulative_cash_flow_statement_xbrl,CumulativeCashFlowStatementXbrl,purchaseOfInterestsInInvestmentsAccountedForUsingEquityMethod,purchase_of_equity_method_investments,ifrs-full:PurchaseOfInterestsInInvestmentsAccountedForUsingEquityMethod,
cumulative_cash_flow_statement_xbrl,CumulativeCashFlowStatementXbrl,purchaseOfInvestmentProperty,purchase_of_investment_property,ifrs-full:PurchaseOfInvestmentProperty,
cumulative_cash_flow_statement_xbrl,CumulativeCashFlowStatementXbrl,purchaseOfPropertyPlantAndEquipmentClassifiedAsInvestingActivities,purchase_of_ppe_investing,ifrs-full:PurchaseOfPropertyPlantAndEquipmentClassifiedAsInvestingActivities,
cumulative_cash_flow_statement_xbrl,CumulativeCashFlowStatementXbrl,cashFlowsFromLosingControlOfSubsidiariesOrOtherBusinessesClassifiedAsInvestingActivities,cash_flows_from_losing_control_of_subsidiaries,ifrs-full:CashFlowsFromLosingControlOfSubsidiariesOrOtherBusinessesClassifiedAsInvestingActivities,
cumulative_cash_flow_statement_xbrl,CumulativeCashFlowStatementXbrl,cashFlowsUsedInObtainingControlOfSubsidiariesOrOtherBusinessesClassifiedAsInvestingActivities,cash_flows_used_in_obtaining_control,ifrs-full:CashFlowsUsedInObtainingControlOfSubsidiariesOrOtherBusinessesClassifiedAsInvestingActivities,
cumulative_cash_flow_statement_xbrl,CumulativeCashFlowStatementXbrl,interestPaidClassifiedAsOperatingActivities,interest_paid_classified_as_operating_activities,ifrs-full:InterestPaidClassifiedAsOperatingActivities,
cumulative_cash_flow_statement_xbrl,CumulativeCashFlowStatementXbrl,otherInflowsOutflowsOfCashClassifiedAsFinancingActivities,other_inflows_outflows_cash_financing,ifrs-full:OtherInflowsOutflowsOfCashClassifiedAsFinancingActivities,
cumulative_cash_flow_statement_xbrl,CumulativeCashFlowStatementXbrl,otherInflowsOutflowsOfCashClassifiedAsInvestingActivities,other_inflows_outflows_cash_investing,ifrs-full:OtherInflowsOutflowsOfCashClassifiedAsInvestingActivities,
cumulative_cash_flow_statement_xbrl,CumulativeCashFlowStatementXbrl,proceedsFromChangesInOwnershipInterestsInSubsidiaries,proceeds_from_changes_in_ownership_interests_in_subsidiaries,ifrs-full:ProceedsFromChangesInOwnershipInterestsInSubsidiaries,
cumulative_cash_flow_statement_xbrl,CumulativeCashFlowStatementXbrl,proceedsFromSalesOfInvestmentsAccountedForUsingEquityMethod,proceeds_from_sales_equity_method_investments,ifrs-full:ProceedsFromSalesOfInvestmentsAccountedForUsingEquityMethod,
cumulative_cash_flow_statement_xbrl,CumulativeCashFlowStatementXbrl,adjustmentsForGainLossOnDisposalOfInvestmentsInSubsidiariesJointVenturesAndAssociates,adj_gain_loss_disposal_subsidiaries_jv_associates,ifrs-full:AdjustmentsForGainLossOnDisposalOfInvestmentsInSubsidiariesJointVenturesAndAssociates,
cumulative_cash_flow_statement_xbrl,CumulativeCashFlowStatementXbrl,acquisitionOfFinancialAssetsAtAmortisedCost,acquisition_of_financial_assets_at_amortised_cost,tifrs-SCF:AcquisitionOfFinancialAssetsAtAmortisedCost,
cumulative_cash_flow_statement_xbrl,CumulativeCashFlowStatementXbrl,acquisitionOfFinancialAssetsAtFairValueThroughOtherComprehensiveIncome,acquisition_of_fin_assets_fvtoci,tifrs-SCF:AcquisitionOfFinancialAssetsAtFairValueThroughOtherComprehensiveIncome,
cumulative_cash_flow_statement_xbrl,CumulativeCashFlowStatementXbrl,acquisitionOfFinancialAssetsAtFairValueThroughProfitOrLossDesignatedAsUponInitialRecognition,acquisition_of_fin_assets_fvtpl_designated,tifrs-SCF:AcquisitionOfFinancialAssetsAtFairValueThroughProfitOrLossDesignatedAsUponInitialRecognition,
cumulative_cash_flow_statement_xbrl,CumulativeCashFlowStatementXbrl,acquisitionOfOwnershipInterestsInSubsidiaries,acquisition_of_ownership_interests_in_subsidiaries,tifrs-SCF:AcquisitionOfOwnershipInterestsInSubsidiaries,
cumulative_cash_flow_statement_xbrl,CumulativeCashFlowStatementXbrl,changeInNoncontrollingInterests,change_in_noncontrolling_interests,tifrs-SCF:ChangeInNoncontrollingInterests,
cumulative_cash_flow_statement_xbrl,CumulativeCashFlowStatementXbrl,decreaseInGuaranteeDepositsReceived,decrease_in_guarantee_deposits_received,tifrs-SCF:DecreaseInGuaranteeDepositsReceived,
cumulative_cash_flow_statement_xbrl,CumulativeCashFlowStatementXbrl,decreaseInOtherAssets,decrease_in_other_assets,tifrs-SCF:DecreaseInOtherAssets,
cumulative_cash_flow_statement_xbrl,CumulativeCashFlowStatementXbrl,decreaseInOtherBorrowings,decrease_in_other_borrowings,tifrs-SCF:DecreaseInOtherBorrowings,
cumulative_cash_flow_statement_xbrl,CumulativeCashFlowStatementXbrl,decreaseInOtherFinancialAssets,decrease_in_other_financial_assets,tifrs-SCF:DecreaseInOtherFinancialAssets,
cumulative_cash_flow_statement_xbrl,CumulativeCashFlowStatementXbrl,decreaseInOtherLiabilities,decrease_in_other_liabilities,tifrs-SCF:DecreaseInOtherLiabilities,
cumulative_cash_flow_statement_xbrl,CumulativeCashFlowStatementXbrl,decreaseInShortTermLoans,decrease_in_short_term_loans,tifrs-SCF:DecreaseInShortTermLoans,
cumulative_cash_flow_statement_xbrl,CumulativeCashFlowStatementXbrl,decreaseInShortTermNotesAndBillsPayable,decrease_in_short_term_notes_and_bills_payable,tifrs-SCF:DecreaseInShortTermNotesAndBillsPayable,
cumulative_cash_flow_statement_xbrl,CumulativeCashFlowStatementXbrl,decreaseIncreaseInAccountsReceivableDueFromRelatedParties,decrease_increase_ar_due_from_related_parties,tifrs-SCF:DecreaseIncreaseInAccountsReceivableDueFromRelatedParties,
cumulative_cash_flow_statement_xbrl,CumulativeCashFlowStatementXbrl,decreaseIncreaseInContractAssets,decrease_increase_in_contract_assets,tifrs-SCF:DecreaseIncreaseInContractAssets,
cumulative_cash_flow_statement_xbrl,CumulativeCashFlowStatementXbrl,decreaseIncreaseInFinancialAssetsAtFairValueThroughProfitOrLossMandatorilyMeasuredAtFairValue,decrease_increase_fin_assets_fvtpl_mandatory,tifrs-SCF:DecreaseIncreaseInFinancialAssetsAtFairValueThroughProfitOrLossMandatorilyMeasuredAtFairValue,
cumulative_cash_flow_statement_xbrl,CumulativeCashFlowStatementXbrl,decreaseIncreaseInNotesReceivable,decrease_increase_in_notes_receivable,tifrs-SCF:DecreaseIncreaseInNotesReceivable,
cumulative_cash_flow_statement_xbrl,CumulativeCashFlowStatementXbrl,decreaseIncreaseInOtherFinancialAssets,decrease_increase_in_other_financial_assets,tifrs-SCF:DecreaseIncreaseInOtherFinancialAssets,
cumulative_cash_flow_statement_xbrl,CumulativeCashFlowStatementXbrl,decreaseIncreaseInOtherOperatingAssets,decrease_increase_in_other_operating_assets,tifrs-SCF:DecreaseIncreaseInOtherOperatingAssets,
cumulative_cash_flow_statement_xbrl,CumulativeCashFlowStatementXbrl,decreaseIncreaseInOtherReceivableDueFromRelatedParties,decrease_increase_in_other_receivable_due_from_related_parties,tifrs-SCF:DecreaseIncreaseInOtherReceivableDueFromRelatedParties,
cumulative_cash_flow_statement_xbrl,CumulativeCashFlowStatementXbrl,decreaseIncreaseInOtherReceivables,decrease_increase_in_other_receivables,tifrs-SCF:DecreaseIncreaseInOtherReceivables,
cumulative_cash_flow_statement_xbrl,CumulativeCashFlowStatementXbrl,decreaseIncreaseInPrepayments,decrease_increase_in_prepayments,tifrs-SCF:DecreaseIncreaseInPrepayments,
cumulative_cash_flow_statement_xbrl,CumulativeCashFlowStatementXbrl,impairmentLossOnNonfinancialAssets,impairment_loss_on_nonfinancial_assets,tifrs-SCF:ImpairmentLossOnNonfinancialAssets,
cumulative_cash_flow_statement_xbrl,CumulativeCashFlowStatementXbrl,increaseDecreaseInAccountsPayableToRelatedParties,increase_decrease_in_accounts_payable_to_related_parties,tifrs-SCF:IncreaseDecreaseInAccountsPayableToRelatedParties,
cumulative_cash_flow_statement_xbrl,CumulativeCashFlowStatementXbrl,increaseDecreaseInAccruedPensionLiabilities,increase_decrease_in_accrued_pension_liabilities,tifrs-SCF:IncreaseDecreaseInAccruedPensionLiabilities,
cumulative_cash_flow_statement_xbrl,CumulativeCashFlowStatementXbrl,increaseDecreaseInOtherOperatingLiabilities,increase_decrease_in_other_operating_liabilities,tifrs-SCF:IncreaseDecreaseInOtherOperatingLiabilities,
cumulative_cash_flow_statement_xbrl,CumulativeCashFlowStatementXbrl,increaseDecreaseInOtherPayableToRelatedParties,increase_decrease_in_other_payable_to_related_parties,tifrs-SCF:IncreaseDecreaseInOtherPayableToRelatedParties,
cumulative_cash_flow_statement_xbrl,CumulativeCashFlowStatementXbrl,increaseDecreaseInOtherPayables,increase_decrease_in_other_payables,tifrs-SCF:IncreaseDecreaseInOtherPayables,
cumulative_cash_flow_statement_xbrl,CumulativeCashFlowStatementXbrl,increaseDecreaseInProvisions,increase_decrease_in_provisions,tifrs-SCF:IncreaseDecreaseInProvisions,
cumulative_cash_flow_statement_xbrl,CumulativeCashFlowStatementXbrl,increaseInOtherAssets,increase_in_other_assets,tifrs-SCF:IncreaseInOtherAssets,
cumulative_cash_flow_statement_xbrl,CumulativeCashFlowStatementXbrl,increaseInOtherBorrowings,increase_in_other_borrowings,tifrs-SCF:IncreaseInOtherBorrowings,
cumulative_cash_flow_statement_xbrl,CumulativeCashFlowStatementXbrl,increaseInOtherFinancialAssets,increase_in_other_financial_assets,tifrs-SCF:IncreaseInOtherFinancialAssets,
cumulative_cash_flow_statement_xbrl,CumulativeCashFlowStatementXbrl,increaseInOtherLiabilities,increase_in_other_liabilities,tifrs-SCF:IncreaseInOtherLiabilities,
cumulative_cash_flow_statement_xbrl,CumulativeCashFlowStatementXbrl,increaseInOtherPrepayments,increase_in_other_prepayments,tifrs-SCF:IncreaseInOtherPrepayments,
cumulative_cash_flow_statement_xbrl,CumulativeCashFlowStatementXbrl,increaseInOtherReceivablesDueFromRelatedParties,increase_in_other_receivables_due_from_related_parties,tifrs-SCF:IncreaseInOtherReceivablesDueFromRelatedParties,
cumulative_cash_flow_statement_xbrl,CumulativeCashFlowStatementXbrl,increaseInShortTermLoans,increase_in_short_term_loans,tifrs-SCF:IncreaseInShortTermLoans,
cumulative_cash_flow_statement_xbrl,CumulativeCashFlowStatementXbrl,lossGainOnBondRedemption,loss_gain_on_bond_redemption,tifrs-SCF:LossGainOnBondRedemption,
cumulative_cash_flow_statement_xbrl,CumulativeCashFlowStatementXbrl,lossGainOnDisposalOfInvestmentProperties,loss_gain_on_disposal_of_investment_properties,tifrs-SCF:LossGainOnDisposalOfInvestmentProperties,
cumulative_cash_flow_statement_xbrl,CumulativeCashFlowStatementXbrl,netLossGainOnFinancialAssetsOrLiabilitiesAtFairValueThroughProfitOrLoss,net_loss_gain_fin_assets_liabilities_fvtpl,tifrs-SCF:NetLossGainOnFinancialAssetsOrLiabilitiesAtFairValueThroughProfitOrLoss,
cumulative_cash_flow_statement_xbrl,CumulativeCashFlowStatementXbrl,proceedsFromDisposalOfFinancialAssetsAtAmortisedCost,proceeds_from_disposal_of_financial_assets_at_amortised_cost,tifrs-SCF:ProceedsFromDisposalOfFinancialAssetsAtAmortisedCost,
cumulative_cash_flow_statement_xbrl,CumulativeCashFlowStatementXbrl,proceedsFromDisposalOfFinancialAssetsAtFairValueThroughOtherComprehensiveIncome,proceeds_from_disposal_fin_assets_fvtoci,tifrs-SCF:ProceedsFromDisposalOfFinancialAssetsAtFairValueThroughOtherComprehensiveIncome,
cumulative_cash_flow_statement_xbrl,CumulativeCashFlowStatementXbrl,proceedsFromIssuingBonds,proceeds_from_issuing_bonds,tifrs-SCF:ProceedsFromIssuingBonds,
cumulative_cash_flow_statement_xbrl,CumulativeCashFlowStatementXbrl,proceedsFromLongTermDebt,proceeds_from_long_term_debt,tifrs-SCF:ProceedsFromLongTermDebt,
cumulative_cash_flow_statement_xbrl,CumulativeCashFlowStatementXbrl,provisionReversalOfProvisionForBadDebtExpense,provision_reversal_of_provision_for_bad_debt_expense,tifrs-SCF:ProvisionReversalOfProvisionForBadDebtExpense,
cumulative_cash_flow_statement_xbrl,CumulativeCashFlowStatementXbrl,repaymentsOfBonds,repayments_of_bonds,tifrs-SCF:RepaymentsOfBonds,
cumulative_cash_flow_statement_xbrl,CumulativeCashFlowStatementXbrl,repaymentsOfLongTermDebt,repayments_of_long_term_debt,tifrs-SCF:RepaymentsOfLongTermDebt,
cumulative_cash_flow_statement_xbrl,CumulativeCashFlowStatementXbrl,reversalOfImpairmentLossOnNonfinancialAssets,reversal_of_impairment_loss_on_nonfinancial_assets,tifrs-SCF:ReversalOfImpairmentLossOnNonfinancialAssets,
cumulative_cash_flow_statement_xbrl,CumulativeCashFlowStatementXbrl,shareOfLossProfitOfAssociatesAndJointVenturesAccountedForUsingEquityMethod,share_of_loss_profit_associates_jv_equity_method,tifrs-SCF:ShareOfLossProfitOfAssociatesAndJointVenturesAccountedForUsingEquityMethod,
cumulative_cash_flow_statement_xbrl,CumulativeCashFlowStatementXbrl,rawContextRef,raw_context_ref,,
cumulative_cash_flow_statement_xbrl,CumulativeCashFlowStatementXbrl,createdAt,created_at,,
cumulative_cash_flow_statement_xbrl,CumulativeCashFlowStatementXbrl,updatedAt,updated_at,,
audit_scope_xbrl,AuditScopeXbrl,symbol,symbol,,
audit_scope_xbrl,AuditScopeXbrl,year,year,,
audit_scope_xbrl,AuditScopeXbrl,quarter,quarter,,
audit_scope_xbrl,AuditScopeXbrl,dataType,data_type,,
audit_scope_xbrl,AuditScopeXbrl,subsidiaryCompanyId,subsidiary_company_id,,
audit_scope_xbrl,AuditScopeXbrl,reportDate,report_date,,
audit_scope_xbrl,AuditScopeXbrl,endingBalanceOfAssetsAuditedByOtherAccountants,ending_balance_assets_audited_by_others,tifrs-ar:EndingBalanceOfAssetsOfSubsidiariesWhoseFinancialStatementsWereAuditedOrReviewedByOtherIndependentAccountants,
audit_scope_xbrl,AuditScopeXbrl,endingBalanceOfAssetsUnaudited,ending_balance_assets_unaudited,tifrs-ar:EndingBalanceOfAssetsOfSubsidiariesWhoseFinancialStatementsWereOnUnauditedOrUnreviewed,
audit_scope_xbrl,AuditScopeXbrl,endingBalanceOfEquityMethodInvestmentsAuditedByOtherAccountants,ending_balance_equity_investments_audited_by_others,tifrs-ar:EndingBalanceOfInvestmentsAccountedForUsingEquityMethodWhoseFinancialStatementsWereAuditedOrReviewedByOtherIndependentAccountants,
audit_scope_xbrl,AuditScopeXbrl,endingBalanceOfEquityMethodInvestmentsUnaudited,ending_balance_equity_investments_unaudited,tifrs-ar:EndingBalanceOfInvestmentsAccountedForUsingEquityMethodWhoseFinancialStatementsWereUnauditedOrUnreviewed,
audit_scope_xbrl,AuditScopeXbrl,comprehensiveIncomeForTheQuarterUnaudited,comprehensive_income_quarter_unaudited,tifrs-ar:ComprehensiveIncomeForTheQuarterOfSubsidiariesWhoseFinancialStatementsWereUnauditedOrUnreviewed,
audit_scope_xbrl,AuditScopeXbrl,shareOfProfitLossForTheQuarterAuditedByOtherAccountants,share_of_pl_quarter_audited_by_others,tifrs-ar:ShareOfProfitLossForTheEuarterOfAssociatesAndJointVenturesAccountedForUsingEquityMethodWhoseFinancialStatementsWereAuditedOrReviewedByOtherIndependentAccountants,
audit_scope_xbrl,AuditScopeXbrl,shareOfProfitLossForTheQuarterUnaudited,share_of_pl_quarter_unaudited,tifrs-ar:ShareOfProfitLossForTheQuarterOfAssociatesAndJointVenturesAccountedForUsingEquityMethodWhoseFinancialStatementsWereUnauditedOrUnreviewed,
audit_scope_xbrl,AuditScopeXbrl,totalRevenuesForTheQuarterAuditedByOtherAccountants,total_revenues_quarter_audited_by_others,tifrs-ar:TotalRevenuesForTheQuarterOfSubsidiariesWhoseFinancialStatementsWereAuditedOrReviewedByOtherIndependentAccountants,
audit_scope_xbrl,AuditScopeXbrl,shareOfProfitLossAuditedByOtherAccountantsYtd,share_of_pl_ytd_audited_by_others,tifrs-ar:ShareOfProfitLossForTheQuarterOf...AuditedOrReviewedByOtherIndependentAccountants,（實測是累計年初至今，跟上面 Euarter 拼字版分開收）
audit_scope_xbrl,AuditScopeXbrl,shareOfYearToDateProfitLossUnaudited,share_of_pl_ytd_unaudited,tifrs-ar:ShareOfYearToDateProfitLossOfAssociatesAndJointVenturesAccountedForUsingEquityMethodWhoseFinancialStatementsWereUnauditedOrUnreviewed,
audit_scope_xbrl,AuditScopeXbrl,totalYearToDateRevenuesAuditedByOtherAccountants,total_revenues_ytd_audited_by_others,tifrs-ar:TotalYearToDateRevenuesOfSubsidiariesWhoseFinancialStatementsWereAuditedOrReviewedByOtherIndependentAccountants,
audit_scope_xbrl,AuditScopeXbrl,yearToDateComprehensiveIncomeUnaudited,comprehensive_income_ytd_unaudited,tifrs-ar:YearToDateComprehensiveIncomeOfSubsidiariesWhoseFinancialStatementsWereUnauditedOrUnreviewed,
audit_scope_xbrl,AuditScopeXbrl,financialStatementsOfNonmajorSubsidiaryHaveNotBeenAuditedOrReviewed,nonmajor_subsidiary_unaudited_flag,tifrs-ar:FinancialStatementsOfNonmajorSubsidiaryOrInvestmentAccountedForUsingEquityMethodHaveNotBeenAuditedOrReviewed,
audit_scope_xbrl,AuditScopeXbrl,nameOfParentEntityOrUltimateParentOfGroup,name_of_parent_entity_or_ultimate_parent,tifrs-notes:NameOfParentEntityOrUltimateParentOfGroup,
audit_scope_xbrl,AuditScopeXbrl,accountantName,accountant_name,tifrs-ar:AccountantName,
audit_scope_xbrl,AuditScopeXbrl,assuranceAccountantName1,assurance_accountant_name_1,tifrs-ar:AssuranceAccountantName1,
audit_scope_xbrl,AuditScopeXbrl,assuranceAccountantName2,assurance_accountant_name_2,tifrs-ar:AssuranceAccountantName2,
audit_scope_xbrl,AuditScopeXbrl,reviewAuditDate,review_audit_date,tifrs-ar:ReviewAuditDate,（原始文字，未轉 Date 型別）
audit_scope_xbrl,AuditScopeXbrl,auditReport,audit_report,tifrs-ar:AuditReport,
audit_scope_xbrl,AuditScopeXbrl,otherAccountantAuditPreviousFinancialStatement,other_accountant_audit_previous_fs,tifrs-ar:OtherAccountantAuditPreviousFinancialStatement,
audit_scope_xbrl,AuditScopeXbrl,accountingPrincipleChange,accounting_principle_change,tifrs-ar:AccountingPrincipleChange,
audit_scope_xbrl,AuditScopeXbrl,companyChineseName,company_chinese_name,tifrs-notes:CompanyChineseName,
audit_scope_xbrl,AuditScopeXbrl,companyEnglishName,company_english_name,tifrs-notes:CompanyEnglishName,
audit_scope_xbrl,AuditScopeXbrl,companyId,document_company_id,tifrs-notes:CompanyID,
audit_scope_xbrl,AuditScopeXbrl,industrySector,industry_sector,tifrs-notes:IndustrySector,
audit_scope_xbrl,AuditScopeXbrl,market,market,tifrs-notes:Market,
audit_scope_xbrl,AuditScopeXbrl,reportCategory,report_category,tifrs-notes:ReportCategory,
audit_scope_xbrl,AuditScopeXbrl,reportType,report_type,tifrs-notes:ReportType,
audit_scope_xbrl,AuditScopeXbrl,documentYear,document_year,tifrs-notes:Year,
audit_scope_xbrl,AuditScopeXbrl,documentQuarter,document_quarter,tifrs-notes:Quarter,
audit_scope_xbrl,AuditScopeXbrl,qualifiedOpinion,qualified_opinion,tifrs-ar:QualifiedOpinionAbstract,
audit_scope_xbrl,AuditScopeXbrl,unqualifiedOpinion,unqualified_opinion,tifrs-ar:UnqualifiedOpinionAbstract,
audit_scope_xbrl,AuditScopeXbrl,unqualifiedOpinionWithEmphasisOfMatter,unqualified_opinion_with_emphasis,tifrs-ar:UnqualifiedOpinionWithEmphasisOfMatterParagraphsOrOtherMatterParagraphs,
audit_scope_xbrl,AuditScopeXbrl,unqualifiedOpinionWithGoingConcernUncertainty,unqualified_opinion_with_going_concern,tifrs-ar:UnqualifiedOpinionWithMaterialUncertaintyAboutTheCompanysAbilityToContinueAsAGoingConcern,
audit_scope_xbrl,AuditScopeXbrl,containOtherAccountantsReport,contain_other_accountants_report,tifrs-ar:ContainOtherAccountantsReport,
audit_scope_xbrl,AuditScopeXbrl,rawContextRef,raw_context_ref,,
audit_scope_xbrl,AuditScopeXbrl,createdAt,created_at,,
audit_scope_xbrl,AuditScopeXbrl,updatedAt,updated_at,,
equity_change_xbrl,EquityChangeXbrl,symbol,symbol,,
equity_change_xbrl,EquityChangeXbrl,year,year,,
equity_change_xbrl,EquityChangeXbrl,quarter,quarter,,
equity_change_xbrl,EquityChangeXbrl,dataType,data_type,,
equity_change_xbrl,EquityChangeXbrl,subsidiaryCompanyId,subsidiary_company_id,,
equity_change_xbrl,EquityChangeXbrl,member,member,,"XBRL member 名稱本身，例如 ""IssuedCapitalMember""，不做額外正規化"
equity_change_xbrl,EquityChangeXbrl,reportDate,report_date,,
equity_change_xbrl,EquityChangeXbrl,openingBalance,opening_balance,ifrs-full:Equity,@ 年初 AsOf
equity_change_xbrl,EquityChangeXbrl,changeAmount,change_amount,ifrs-full:ChangesInEquity,累計 duration
equity_change_xbrl,EquityChangeXbrl,closingBalance,closing_balance,ifrs-full:Equity,@ 本季末 AsOf
equity_change_xbrl,EquityChangeXbrl,profitLoss,profit_loss,ifrs-full:ProfitLoss,
equity_change_xbrl,EquityChangeXbrl,otherComprehensiveIncome,other_comprehensive_income,ifrs-full:OtherComprehensiveIncome,
equity_change_xbrl,EquityChangeXbrl,comprehensiveIncome,comprehensive_income,ifrs-full:ComprehensiveIncome,
equity_change_xbrl,EquityChangeXbrl,cashDividendsOfOrdinaryShare,cash_dividends_of_ordinary_share,tifrs-es:CashDividendsOfOrdinaryShare,
equity_change_xbrl,EquityChangeXbrl,cashDividendsOfPreferenceShare,cash_dividends_of_preference_share,tifrs-es:CashDividendsOfPreferenceShare,
equity_change_xbrl,EquityChangeXbrl,stockDividendsOfOrdinaryShare,stock_dividends_of_ordinary_share,tifrs-es:StockDividendsOfOrdinaryShare,
equity_change_xbrl,EquityChangeXbrl,legalReserveAppropriated,legal_reserve_appropriated,tifrs-es:LegalReserveAppropriated,
equity_change_xbrl,EquityChangeXbrl,reversalOfSpecialReserve,reversal_of_special_reserve,tifrs-es:ReversalOfSpecialReserve,
equity_change_xbrl,EquityChangeXbrl,changesInNoncontrollingInterests,changes_in_noncontrolling_interests,tifrs-es:ChangesInNoncontrollingInterests,
equity_change_xbrl,EquityChangeXbrl,disposalOfInvestmentsInEquityInstrumentsDesignatedAtFairValueThroughOtherComprehensiveIncome,disposal_of_investments_at_fvtoci,tifrs-es:DisposalOfInvestmentsInEquityInstrumentsDesignatedAtFairValueThroughOtherComprehensiveIncome,
equity_change_xbrl,EquityChangeXbrl,differenceBetweenConsiderationAndCarryingAmountOfSubsidiariesAcquiredOrDisposed,diff_consideration_vs_carrying_amt_subsidiaries,tifrs-es:DifferenceBetweenConsiderationAndCarryingAmountOfSubsidiariesAcquiredOrDisposed,
equity_change_xbrl,EquityChangeXbrl,dueToRecognitionOfEquityComponentOfConvertibleBondsPreferenceShareIssued,due_to_recognition_of_equity_component_of_convertible_bonds,tifrs-es:DueToRecognitionOfEquityComponentOfConvertibleBondsPreferenceShareIssued,
equity_change_xbrl,EquityChangeXbrl,sharesIssuedForPursuantToReorganization,shares_issued_for_pursuant_to_reorganization,tifrs-es:SharesIssuedForPursuantToReorganization,
equity_change_xbrl,EquityChangeXbrl,changesInEquityOfAssociatesAndJointVenturesAccountedForUsingEquityMethod,changes_in_equity_of_associates_and_jvs_equity_method,tifrs-es:ChangesInEquityOfAssociatesAndJointVenturesAccountedForUsingEquityMethod,
equity_change_xbrl,EquityChangeXbrl,otherIncreaseDecreaseInEquity,other_increase_decrease_in_equity,tifrs-es:Others-IncreaseDecreaseInEquity,
equity_change_xbrl,EquityChangeXbrl,specialReserveAppropriated,special_reserve_appropriated,tifrs-es:SpecialReserveAppropriated,
equity_change_xbrl,EquityChangeXbrl,changesInOwnershipInterestsInSubsidiaries,changes_in_ownership_interests_in_subsidiaries,tifrs-es:ChangesInOwnershipInterestsInSubsidiaries,
equity_change_xbrl,EquityChangeXbrl,issueOfShares,issue_of_shares,tifrs-es:IssueOfShares,
equity_change_xbrl,EquityChangeXbrl,retrospectiveRestatementEffect,retrospective_restatement_effect,tifrs-es:EffectsOfRetrospectiveApplicationAndRetrospectiveRestatement,
equity_change_xbrl,EquityChangeXbrl,openingBalanceAfterRestatement,opening_balance_after_restatement,tifrs-es:EquityAtBeginningOfPeriodAfterAdjustments,
equity_change_xbrl,EquityChangeXbrl,createdAt,created_at,,
equity_change_xbrl,EquityChangeXbrl,updatedAt,updated_at,,
consolidated_entity_xbrl,ConsolidatedEntityXbrl,symbol,symbol,,
consolidated_entity_xbrl,ConsolidatedEntityXbrl,year,year,,
consolidated_entity_xbrl,ConsolidatedEntityXbrl,quarter,quarter,,
consolidated_entity_xbrl,ConsolidatedEntityXbrl,dataType,data_type,,
consolidated_entity_xbrl,ConsolidatedEntityXbrl,subsidiaryCompanyId,subsidiary_company_id,,
consolidated_entity_xbrl,ConsolidatedEntityXbrl,lineOrder,line_order,,
consolidated_entity_xbrl,ConsolidatedEntityXbrl,reportDate,report_date,,
consolidated_entity_xbrl,ConsolidatedEntityXbrl,companyNameOfTheInvestor,company_name_of_the_investor,tifrs-notes:CompanyNameOfTheInvestor,
consolidated_entity_xbrl,ConsolidatedEntityXbrl,nameOfInvestee,name_of_investee,tifrs-notes:NameOfInvestee,
consolidated_entity_xbrl,ConsolidatedEntityXbrl,mainBusinesses,main_businesses,tifrs-notes:MainBusinesses,
consolidated_entity_xbrl,ConsolidatedEntityXbrl,percentageOfOwnership,percentage_of_ownership,tifrs-notes:PercentageOfOwnership4,
consolidated_entity_xbrl,ConsolidatedEntityXbrl,description,description,tifrs-notes:Description,
consolidated_entity_xbrl,ConsolidatedEntityXbrl,createdAt,created_at,,
consolidated_entity_xbrl,ConsolidatedEntityXbrl,updatedAt,updated_at,,
mainland_china_investment_xbrl,MainlandChinaInvestmentXbrl,symbol,symbol,,
mainland_china_investment_xbrl,MainlandChinaInvestmentXbrl,year,year,,
mainland_china_investment_xbrl,MainlandChinaInvestmentXbrl,quarter,quarter,,
mainland_china_investment_xbrl,MainlandChinaInvestmentXbrl,dataType,data_type,,
mainland_china_investment_xbrl,MainlandChinaInvestmentXbrl,subsidiaryCompanyId,subsidiary_company_id,,
mainland_china_investment_xbrl,MainlandChinaInvestmentXbrl,lineOrder,line_order,,
mainland_china_investment_xbrl,MainlandChinaInvestmentXbrl,reportDate,report_date,,
mainland_china_investment_xbrl,MainlandChinaInvestmentXbrl,companyNameOfTheInvesteeInMainlandChina,company_name_of_the_investee,tifrs-notes:CompanyNameOfTheInvesteeInMainlandChina,
mainland_china_investment_xbrl,MainlandChinaInvestmentXbrl,mainBusinessesAndProducts,main_businesses_and_products,tifrs-notes:MainBusinessesAndProducts,
mainland_china_investment_xbrl,MainlandChinaInvestmentXbrl,methodOfInvestment,method_of_investment,tifrs-notes:MethodOfInvestment,（代碼，未轉譯文字）
mainland_china_investment_xbrl,MainlandChinaInvestmentXbrl,totalAmountOfPaidInCapital,total_amount_of_paid_in_capital,tifrs-notes:TotalAmountOfPaid-inCapital,
mainland_china_investment_xbrl,MainlandChinaInvestmentXbrl,accumulatedOutflowOfInvestmentFromTaiwanAtTheBeginningOfThePeriod,accumulated_outflow_at_beginning,tifrs-notes:AccumulatedOutflowOfInvestmentFromTaiwanAtTheBeginningOfThePeriod,
mainland_china_investment_xbrl,MainlandChinaInvestmentXbrl,accumulatedOutflowOfInvestmentFromTaiwanAtTheEndOfThePeriod,accumulated_outflow_at_end,tifrs-notes:AccumulatedOutflowOfInvestmentFromTaiwanAtTheEndOfThePeriod,
mainland_china_investment_xbrl,MainlandChinaInvestmentXbrl,netIncomeLossesOfTheInvestee,net_income_losses_of_the_investee,tifrs-notes:NetIncomeLossesOfTheInvestee,
mainland_china_investment_xbrl,MainlandChinaInvestmentXbrl,percentageOfOwnershipThroughDirectAndIndirectInvestmentByTheCompany,percentage_of_ownership,tifrs-notes:PercentageOfOwnershipThroughDirectAndIndirectInvestmentByTheCompany,
mainland_china_investment_xbrl,MainlandChinaInvestmentXbrl,investmentIncomeLossesRecognized,investment_income_losses_recognized,tifrs-notes:InvestmentIncomeLossesRecognized2,"——""2"" 是這張表自己的科目編號，跟另一張 「一般轉投資事業明細」附註（還沒做）用的 ""1"" 是完全不同的兩個科目，不是同科目的比較欄。"
mainland_china_investment_xbrl,MainlandChinaInvestmentXbrl,bookValueAtTheEndOfThePeriod,book_value_at_the_end_of_the_period,tifrs-notes:BookValueAtTheEndOfThePeriod,
mainland_china_investment_xbrl,MainlandChinaInvestmentXbrl,accumulatedInwardRemittanceOfEarningsAsOfTheEndOfThePeriod,accumulated_inward_remittance_of_earnings,tifrs-notes:AccumulatedInwardRemittanceOfEarningsAsOfTheEndOfThePeriod,
mainland_china_investment_xbrl,MainlandChinaInvestmentXbrl,outflow,outflow,tifrs-notes:Outflow,（本期匯出，巢狀 tuple InvestmentFlowsForThePeriod 內）
mainland_china_investment_xbrl,MainlandChinaInvestmentXbrl,inflow,inflow,tifrs-notes:Inflow,（本期匯入，巢狀 tuple InvestmentFlowsForThePeriod 內）
mainland_china_investment_xbrl,MainlandChinaInvestmentXbrl,createdAt,created_at,,
mainland_china_investment_xbrl,MainlandChinaInvestmentXbrl,updatedAt,updated_at,,
intercompany_transaction_xbrl,IntercompanyTransactionXbrl,symbol,symbol,,
intercompany_transaction_xbrl,IntercompanyTransactionXbrl,year,year,,
intercompany_transaction_xbrl,IntercompanyTransactionXbrl,quarter,quarter,,
intercompany_transaction_xbrl,IntercompanyTransactionXbrl,dataType,data_type,,
intercompany_transaction_xbrl,IntercompanyTransactionXbrl,subsidiaryCompanyId,subsidiary_company_id,,
intercompany_transaction_xbrl,IntercompanyTransactionXbrl,lineOrder,line_order,,
intercompany_transaction_xbrl,IntercompanyTransactionXbrl,reportDate,report_date,,
intercompany_transaction_xbrl,IntercompanyTransactionXbrl,no,no,tifrs-notes:No,
intercompany_transaction_xbrl,IntercompanyTransactionXbrl,companyName,company_name,tifrs-notes:CompanyName,
intercompany_transaction_xbrl,IntercompanyTransactionXbrl,counterparty,counterparty,tifrs-notes:Counterparty,
intercompany_transaction_xbrl,IntercompanyTransactionXbrl,relationshipWithTheCompany,relationship_with_the_company,tifrs-notes:RelationshipWithTheCompany,
intercompany_transaction_xbrl,IntercompanyTransactionXbrl,financialStatementAccount,financial_statement_account,tifrs-notes:FinancialStatementAccount,
intercompany_transaction_xbrl,IntercompanyTransactionXbrl,amount,amount,tifrs-notes:Amount,
intercompany_transaction_xbrl,IntercompanyTransactionXbrl,terms,terms,tifrs-notes:Terms,
intercompany_transaction_xbrl,IntercompanyTransactionXbrl,percentageOfConsolidatedOperatingRevenuesOrTotalAssets,percentage_of_consolidated_revenue_or_assets,tifrs-notes:PercentageOfConsolidatedOperatingRevenuesOrTotalAssets,
intercompany_transaction_xbrl,IntercompanyTransactionXbrl,createdAt,created_at,,
intercompany_transaction_xbrl,IntercompanyTransactionXbrl,updatedAt,updated_at,,
loans_to_others_xbrl,LoansToOthersXbrl,symbol,symbol,,
loans_to_others_xbrl,LoansToOthersXbrl,year,year,,
loans_to_others_xbrl,LoansToOthersXbrl,quarter,quarter,,
loans_to_others_xbrl,LoansToOthersXbrl,dataType,data_type,,
loans_to_others_xbrl,LoansToOthersXbrl,subsidiaryCompanyId,subsidiary_company_id,,
loans_to_others_xbrl,LoansToOthersXbrl,lineOrder,line_order,,
loans_to_others_xbrl,LoansToOthersXbrl,reportDate,report_date,,
loans_to_others_xbrl,LoansToOthersXbrl,no,no,tifrs-notes:No.,（taxonomy 本地名稱帶字面句點）
loans_to_others_xbrl,LoansToOthersXbrl,lender,lender,tifrs-notes:Lender1,
loans_to_others_xbrl,LoansToOthersXbrl,counterparty,counterparty,tifrs-notes:Counterparty1,
loans_to_others_xbrl,LoansToOthersXbrl,financialStatementItem,financial_statement_item,tifrs-notes:FinancialStatementItem,
loans_to_others_xbrl,LoansToOthersXbrl,isRelatedPartyTransaction,is_related_party_transaction,tifrs-notes:RelatedPartyTransaction,（是/否）
loans_to_others_xbrl,LoansToOthersXbrl,maximumBalanceForThePeriod,maximum_balance_for_the_period,tifrs-notes:MaximumBalanceForThePeriod1,
loans_to_others_xbrl,LoansToOthersXbrl,endingBalance,ending_balance,tifrs-notes:EndingBalance1,
loans_to_others_xbrl,LoansToOthersXbrl,actualAmountProvided,actual_amount_provided,tifrs-notes:ActualAmountProvided,
loans_to_others_xbrl,LoansToOthersXbrl,rangeOfInterestRates,range_of_interest_rates,tifrs-notes:RangeOfInterestRates,"（文字，例如 ""4.14""）"
loans_to_others_xbrl,LoansToOthersXbrl,natureOfLoans,nature_of_loans,tifrs-notes:NatureOfLoans,
loans_to_others_xbrl,LoansToOthersXbrl,amountOfSalesToPurchasesFromCounterparty,amount_of_sales_to_purchases,tifrs-notes:AmountOfSalesToPurchasesFromCounterparty,
loans_to_others_xbrl,LoansToOthersXbrl,reasonForShortTermLoans,reason_for_short_term_loans,tifrs-notes:ReasonForShort-termLoans,
loans_to_others_xbrl,LoansToOthersXbrl,allowanceForBadDebts,allowance_for_bad_debts,tifrs-notes:AllowanceForBadDebts,
loans_to_others_xbrl,LoansToOthersXbrl,collateralItem,collateral_item,tifrs-notes:Item1,
loans_to_others_xbrl,LoansToOthersXbrl,collateralValue,collateral_value,tifrs-notes:Value,
loans_to_others_xbrl,LoansToOthersXbrl,limitOfLoanAmountForIndividualCounterparty,limit_per_counterparty,tifrs-notes:LimitOfLoanAmountForIndividualCounterparty,
loans_to_others_xbrl,LoansToOthersXbrl,limitOfTotalLoanAmount,limit_of_total_loan_amount,tifrs-notes:LimitOfTotalLoanAmount1,
loans_to_others_xbrl,LoansToOthersXbrl,totalActualAmountProvidedParent,total_actual_amount_provided_parent,tifrs-notes:TotalActualAmountProvided1-Parent,
loans_to_others_xbrl,LoansToOthersXbrl,totalActualAmountProvidedSubsidiaries,total_actual_amount_provided_subsidiaries,tifrs-notes:TotalActualAmountProvided1-Subsidiaries,
loans_to_others_xbrl,LoansToOthersXbrl,totalEndingBalanceParent,total_ending_balance_parent,tifrs-notes:TotalEndingBalance1-Parent,
loans_to_others_xbrl,LoansToOthersXbrl,totalEndingBalanceSubsidiaries,total_ending_balance_subsidiaries,tifrs-notes:TotalEndingBalance1-Subsidiaries,
loans_to_others_xbrl,LoansToOthersXbrl,createdAt,created_at,,
loans_to_others_xbrl,LoansToOthersXbrl,updatedAt,updated_at,,
endorsement_guarantee_xbrl,EndorsementGuaranteeXbrl,symbol,symbol,,
endorsement_guarantee_xbrl,EndorsementGuaranteeXbrl,year,year,,
endorsement_guarantee_xbrl,EndorsementGuaranteeXbrl,quarter,quarter,,
endorsement_guarantee_xbrl,EndorsementGuaranteeXbrl,dataType,data_type,,
endorsement_guarantee_xbrl,EndorsementGuaranteeXbrl,subsidiaryCompanyId,subsidiary_company_id,,
endorsement_guarantee_xbrl,EndorsementGuaranteeXbrl,lineOrder,line_order,,
endorsement_guarantee_xbrl,EndorsementGuaranteeXbrl,reportDate,report_date,,
endorsement_guarantee_xbrl,EndorsementGuaranteeXbrl,companyNameOfTheEndorserGuarantor,company_name_of_the_endorser_guarantor,tifrs-notes:CompanyNameOfTheEndorserGuarantor,
endorsement_guarantee_xbrl,EndorsementGuaranteeXbrl,nameOfTheCompany,name_of_the_company,tifrs-notes:NameOfTheCompany,
endorsement_guarantee_xbrl,EndorsementGuaranteeXbrl,relationship,relationship,tifrs-notes:Relationship1,
endorsement_guarantee_xbrl,EndorsementGuaranteeXbrl,limitOnEndorsementGuaranteeAmountProvidedToIndividualCounterparty,limit_per_counterparty,tifrs-notes:LimitOnEndorsementGuaranteeAmountProvidedToIndividualCounterparty,
endorsement_guarantee_xbrl,EndorsementGuaranteeXbrl,maximumBalanceForThePeriod,maximum_balance_for_the_period,tifrs-notes:MaximumBalanceForThePeriod,"（無 ""1"" 後綴，跟 LoansToOthersXbrl 不同科目）"
endorsement_guarantee_xbrl,EndorsementGuaranteeXbrl,endingBalance,ending_balance,tifrs-notes:EndingBalance2,
endorsement_guarantee_xbrl,EndorsementGuaranteeXbrl,actualAmountProvided,actual_amount_provided,tifrs-notes:ActualAmountProvided,
endorsement_guarantee_xbrl,EndorsementGuaranteeXbrl,amountOfEndorsementsGuaranteesSecuredWithCollateral,amount_secured_with_collateral,tifrs-notes:AmountOfEndorsementsGuaranteesSecuredWithCollateral,
endorsement_guarantee_xbrl,EndorsementGuaranteeXbrl,ratioOfAccumulatedEndorsementGuaranteeAmountToNetAsset,ratio_to_net_asset,tifrs-notes:RatioOfAccumulatedEndorsementGuaranteeAmountToNetAssetOfTheCompanyPerLatestFinancialStatements,
endorsement_guarantee_xbrl,EndorsementGuaranteeXbrl,limitOfTotalGuaranteeEndorsementAmount,limit_of_total_guarantee_amount,tifrs-notes:LimitOfTotalGuaranteeEndorsementAmount,
endorsement_guarantee_xbrl,EndorsementGuaranteeXbrl,isProvidedToSubsidiaryByParentCompany,is_provided_to_subsidiary_by_parent,tifrs-notes:EndorsementsGuaranteesProvidedToSubsidiaryByParentCompany,（Y/N）
endorsement_guarantee_xbrl,EndorsementGuaranteeXbrl,isProvidedToParentCompanyBySubsidiaries,is_provided_to_parent_by_subsidiaries,tifrs-notes:EndorsementsGuaranteesProvidedToParentCompanyBySubsidiaries,（Y/N）
endorsement_guarantee_xbrl,EndorsementGuaranteeXbrl,isProvidedToCompanyInMainlandChina,is_provided_to_mainland_china,tifrs-notes:EndorsementsGuaranteesProvidedToCompanyInMainlandChina,（Y/N）
endorsement_guarantee_xbrl,EndorsementGuaranteeXbrl,totalActualAmountProvidedParent,total_actual_amount_provided_parent,tifrs-notes:TotalActualAmountProvided2-Parent,
endorsement_guarantee_xbrl,EndorsementGuaranteeXbrl,totalActualAmountProvidedSubsidiaries,total_actual_amount_provided_subsidiaries,tifrs-notes:TotalActualAmountProvided2-Subsidiaries,
endorsement_guarantee_xbrl,EndorsementGuaranteeXbrl,totalEndingBalanceParent,total_ending_balance_parent,tifrs-notes:TotalEndingBalance2-Parent,
endorsement_guarantee_xbrl,EndorsementGuaranteeXbrl,totalEndingBalanceSubsidiaries,total_ending_balance_subsidiaries,tifrs-notes:TotalEndingBalance2-Subsidiaries,
endorsement_guarantee_xbrl,EndorsementGuaranteeXbrl,createdAt,created_at,,
endorsement_guarantee_xbrl,EndorsementGuaranteeXbrl,updatedAt,updated_at,,
related_party_transaction_flow_xbrl,RelatedPartyTransactionFlowXbrl,symbol,symbol,,
related_party_transaction_flow_xbrl,RelatedPartyTransactionFlowXbrl,year,year,,
related_party_transaction_flow_xbrl,RelatedPartyTransactionFlowXbrl,quarter,quarter,,
related_party_transaction_flow_xbrl,RelatedPartyTransactionFlowXbrl,dataType,data_type,,
related_party_transaction_flow_xbrl,RelatedPartyTransactionFlowXbrl,subsidiaryCompanyId,subsidiary_company_id,,
related_party_transaction_flow_xbrl,RelatedPartyTransactionFlowXbrl,lineOrder,line_order,,
related_party_transaction_flow_xbrl,RelatedPartyTransactionFlowXbrl,reportDate,report_date,,
related_party_transaction_flow_xbrl,RelatedPartyTransactionFlowXbrl,sourceTuple,source_tuple,,原始 tuple 名稱，供追查來源（例如 tifrs-notes:CategoriesOfRelatedPartiesAndAmount2）。
related_party_transaction_flow_xbrl,RelatedPartyTransactionFlowXbrl,financialStatementAccount,financial_statement_account,,會計科目（銷貨/進貨/取得不動產、廠房及設備），部分來源（parser.ts 依 sourceTuple 對應寫死） 固定成常數；2026-09-04 補收的「取得其他資產」來源改成逐列各自讀 taxonomy 給的 FinancialStatementAccount7 標籤，結構性可能是 null（該來源沒有值時），故欄位改為可為 null。
related_party_transaction_flow_xbrl,RelatedPartyTransactionFlowXbrl,relatedPartyCategory,related_party_category,,
related_party_transaction_flow_xbrl,RelatedPartyTransactionFlowXbrl,amountCurrentQuarter,amount_current_quarter,,
related_party_transaction_flow_xbrl,RelatedPartyTransactionFlowXbrl,amountPriorYearQuarter,amount_prior_year_quarter,,
related_party_transaction_flow_xbrl,RelatedPartyTransactionFlowXbrl,amountCurrentYtd,amount_current_ytd,,
related_party_transaction_flow_xbrl,RelatedPartyTransactionFlowXbrl,amountPriorYearYtd,amount_prior_year_ytd,,
related_party_transaction_flow_xbrl,RelatedPartyTransactionFlowXbrl,totalAmountCurrentQuarter,total_amount_current_quarter,,這個來源本身的合計，每一列複寫同一個值（2026-09-04 用 1101 補收，見 parser.ts RelatedPartyTransactionFlowSource.totalConcept 說明）。
related_party_transaction_flow_xbrl,RelatedPartyTransactionFlowXbrl,createdAt,created_at,,
related_party_transaction_flow_xbrl,RelatedPartyTransactionFlowXbrl,updatedAt,updated_at,,
related_party_transaction_balance_xbrl,RelatedPartyTransactionBalanceXbrl,symbol,symbol,,
related_party_transaction_balance_xbrl,RelatedPartyTransactionBalanceXbrl,year,year,,
related_party_transaction_balance_xbrl,RelatedPartyTransactionBalanceXbrl,quarter,quarter,,
related_party_transaction_balance_xbrl,RelatedPartyTransactionBalanceXbrl,dataType,data_type,,
related_party_transaction_balance_xbrl,RelatedPartyTransactionBalanceXbrl,subsidiaryCompanyId,subsidiary_company_id,,
related_party_transaction_balance_xbrl,RelatedPartyTransactionBalanceXbrl,lineOrder,line_order,,
related_party_transaction_balance_xbrl,RelatedPartyTransactionBalanceXbrl,reportDate,report_date,,
related_party_transaction_balance_xbrl,RelatedPartyTransactionBalanceXbrl,sourceTuple,source_tuple,,原始 tuple 名稱，供追查來源（2026-09-04 補收，跟 RelatedPartyTransactionFlowXbrl 同一套 sources 陣列設計，之前只有「預付款項」一種來源時沒必要收，現在有 3 種來源需要區分）。
related_party_transaction_balance_xbrl,RelatedPartyTransactionBalanceXbrl,financialStatementAccount,financial_statement_account,,
related_party_transaction_balance_xbrl,RelatedPartyTransactionBalanceXbrl,relatedPartyCategory,related_party_category,,
related_party_transaction_balance_xbrl,RelatedPartyTransactionBalanceXbrl,balanceCurrentPeriodEnd,balance_current_period_end,,
related_party_transaction_balance_xbrl,RelatedPartyTransactionBalanceXbrl,balancePriorYearEnd,balance_prior_year_end,,
related_party_transaction_balance_xbrl,RelatedPartyTransactionBalanceXbrl,balancePriorYearSamePeriodEnd,balance_prior_year_same_period_end,,
related_party_transaction_balance_xbrl,RelatedPartyTransactionBalanceXbrl,totalBalanceCurrentPeriodEnd,total_balance_current_period_end,,這個來源本身的合計，每一列複寫同一個值（2026-09-04 用 1101 補收）。
related_party_transaction_balance_xbrl,RelatedPartyTransactionBalanceXbrl,createdAt,created_at,,
related_party_transaction_balance_xbrl,RelatedPartyTransactionBalanceXbrl,updatedAt,updated_at,,
accounts_receivable_aging_xbrl,AccountsReceivableAgingXbrl,symbol,symbol,,
accounts_receivable_aging_xbrl,AccountsReceivableAgingXbrl,year,year,,
accounts_receivable_aging_xbrl,AccountsReceivableAgingXbrl,quarter,quarter,,
accounts_receivable_aging_xbrl,AccountsReceivableAgingXbrl,dataType,data_type,,
accounts_receivable_aging_xbrl,AccountsReceivableAgingXbrl,subsidiaryCompanyId,subsidiary_company_id,,
accounts_receivable_aging_xbrl,AccountsReceivableAgingXbrl,lineOrder,line_order,,
accounts_receivable_aging_xbrl,AccountsReceivableAgingXbrl,reportDate,report_date,,
accounts_receivable_aging_xbrl,AccountsReceivableAgingXbrl,ageDistribution,age_distribution,,
accounts_receivable_aging_xbrl,AccountsReceivableAgingXbrl,amountCurrentPeriodEnd,amount_current_period_end,,
accounts_receivable_aging_xbrl,AccountsReceivableAgingXbrl,amountPriorYearEnd,amount_prior_year_end,,
accounts_receivable_aging_xbrl,AccountsReceivableAgingXbrl,amountPriorYearSamePeriodEnd,amount_prior_year_same_period_end,,
accounts_receivable_aging_xbrl,AccountsReceivableAgingXbrl,totalAmountCurrentPeriodEnd,total_amount_current_period_end,,帳齡分析表本身的合計，每一列複寫同一個值（2026-09-04 用 1101 補收）。
accounts_receivable_aging_xbrl,AccountsReceivableAgingXbrl,createdAt,created_at,,
accounts_receivable_aging_xbrl,AccountsReceivableAgingXbrl,updatedAt,updated_at,,
related_party_name_xbrl,RelatedPartyNameXbrl,symbol,symbol,,
related_party_name_xbrl,RelatedPartyNameXbrl,year,year,,
related_party_name_xbrl,RelatedPartyNameXbrl,quarter,quarter,,
related_party_name_xbrl,RelatedPartyNameXbrl,dataType,data_type,,
related_party_name_xbrl,RelatedPartyNameXbrl,subsidiaryCompanyId,subsidiary_company_id,,
related_party_name_xbrl,RelatedPartyNameXbrl,lineOrder,line_order,,
related_party_name_xbrl,RelatedPartyNameXbrl,reportDate,report_date,,
related_party_name_xbrl,RelatedPartyNameXbrl,nameOfRelatedParty,name_of_related_party,tifrs-notes:NameOfRelatedParty,
related_party_name_xbrl,RelatedPartyNameXbrl,relatedPartyRelationship,related_party_relationship,tifrs-notes:RelatedPartyRelationship,
related_party_name_xbrl,RelatedPartyNameXbrl,createdAt,created_at,,
related_party_name_xbrl,RelatedPartyNameXbrl,updatedAt,updated_at,,
mainland_china_investment_limit_xbrl,MainlandChinaInvestmentLimitXbrl,symbol,symbol,,
mainland_china_investment_limit_xbrl,MainlandChinaInvestmentLimitXbrl,year,year,,
mainland_china_investment_limit_xbrl,MainlandChinaInvestmentLimitXbrl,quarter,quarter,,
mainland_china_investment_limit_xbrl,MainlandChinaInvestmentLimitXbrl,dataType,data_type,,
mainland_china_investment_limit_xbrl,MainlandChinaInvestmentLimitXbrl,subsidiaryCompanyId,subsidiary_company_id,,
mainland_china_investment_limit_xbrl,MainlandChinaInvestmentLimitXbrl,lineOrder,line_order,,
mainland_china_investment_limit_xbrl,MainlandChinaInvestmentLimitXbrl,reportDate,report_date,,
mainland_china_investment_limit_xbrl,MainlandChinaInvestmentLimitXbrl,nameOfTheCompany,name_of_the_company,tifrs-notes:NameOfTheCompany,
mainland_china_investment_limit_xbrl,MainlandChinaInvestmentLimitXbrl,accumulatedInvestmentAtTheEndOfThePeriod,accumulated_investment_at_end,tifrs-notes:AccumulatedInvestmentInMainlandChinaAtTheEndOfThePeriod,
mainland_china_investment_limit_xbrl,MainlandChinaInvestmentLimitXbrl,investmentAmountAuthorizedByTheInvestmentCommissionOfMOEA,investment_amount_authorized_by_moea,tifrs-notes:InvestmentAmountAuthorizedByTheInvestmentCommissionOfMOEA,
mainland_china_investment_limit_xbrl,MainlandChinaInvestmentLimitXbrl,upperLimitOnInvestmentImposedByTheInvestmentCommissionOfMOEA,upper_limit_on_investment_by_moea,tifrs-notes:UpperLimitOnInvestmentInMainlandChinaImposedByTheInvestmentCommissionOfMOEA,
mainland_china_investment_limit_xbrl,MainlandChinaInvestmentLimitXbrl,createdAt,created_at,,
mainland_china_investment_limit_xbrl,MainlandChinaInvestmentLimitXbrl,updatedAt,updated_at,,
bank_npl_disposal_xbrl,BankNplDisposalXbrl,symbol,symbol,,
bank_npl_disposal_xbrl,BankNplDisposalXbrl,year,year,,
bank_npl_disposal_xbrl,BankNplDisposalXbrl,quarter,quarter,,
bank_npl_disposal_xbrl,BankNplDisposalXbrl,dataType,data_type,,
bank_npl_disposal_xbrl,BankNplDisposalXbrl,subsidiaryCompanyId,subsidiary_company_id,,
bank_npl_disposal_xbrl,BankNplDisposalXbrl,lineOrder,line_order,,
bank_npl_disposal_xbrl,BankNplDisposalXbrl,reportDate,report_date,,
bank_npl_disposal_xbrl,BankNplDisposalXbrl,nameOfTheCompany,name_of_the_company,tifrs-notes:NameOfTheCompany,
bank_npl_disposal_xbrl,BankNplDisposalXbrl,transactionDate,transaction_date,tifrs-notes:TransactionDate,（原始文字，未轉 Date 型別）
bank_npl_disposal_xbrl,BankNplDisposalXbrl,counterparty,counterparty,tifrs-notes:Counterparty3,
bank_npl_disposal_xbrl,BankNplDisposalXbrl,compositionOfNonPerformingLoans,composition_of_non_performing_loans,tifrs-notes:CompositionOfNon-PerformingLoans,
bank_npl_disposal_xbrl,BankNplDisposalXbrl,bookValue,book_value,tifrs-notes:BookValue,
bank_npl_disposal_xbrl,BankNplDisposalXbrl,sellingPrice,selling_price,tifrs-notes:SellingPrice,
bank_npl_disposal_xbrl,BankNplDisposalXbrl,gainLossOnDisposal,gain_loss_on_disposal,tifrs-notes:GainLossOnDisposal,
bank_npl_disposal_xbrl,BankNplDisposalXbrl,termsOfTheAgreement,terms_of_the_agreement,tifrs-notes:TermsOfTheAgreement,
bank_npl_disposal_xbrl,BankNplDisposalXbrl,relationshipWithTheBank,relationship_with_the_bank,tifrs-notes:RelationshipWithTheBank,
bank_npl_disposal_xbrl,BankNplDisposalXbrl,createdAt,created_at,,
bank_npl_disposal_xbrl,BankNplDisposalXbrl,updatedAt,updated_at,,
bank_asset_quality_xbrl,BankAssetQualityXbrl,symbol,symbol,,
bank_asset_quality_xbrl,BankAssetQualityXbrl,year,year,,
bank_asset_quality_xbrl,BankAssetQualityXbrl,quarter,quarter,,
bank_asset_quality_xbrl,BankAssetQualityXbrl,dataType,data_type,,
bank_asset_quality_xbrl,BankAssetQualityXbrl,subsidiaryCompanyId,subsidiary_company_id,,
bank_asset_quality_xbrl,BankAssetQualityXbrl,lineOrder,line_order,,
bank_asset_quality_xbrl,BankAssetQualityXbrl,reportDate,report_date,,
bank_asset_quality_xbrl,BankAssetQualityXbrl,companyName,company_name,,銀行子公司名稱，tifrs-notes:NameOfTheCompany
bank_asset_quality_xbrl,BankAssetQualityXbrl,category,category,,"放款分類，例如 ""Secured-CorporateFinance""、""TotalLoans"""
bank_asset_quality_xbrl,BankAssetQualityXbrl,amountOfNonPerformingLoans,amount_of_non_performing_loans,tifrs-notes:AmountOfNon-PerformingLoans,
bank_asset_quality_xbrl,BankAssetQualityXbrl,grossLoans,gross_loans,tifrs-notes:GrossLoans,
bank_asset_quality_xbrl,BankAssetQualityXbrl,nonPerformingLoansRatio,non_performing_loans_ratio,tifrs-notes:Non-PerformingLoansRatio,
bank_asset_quality_xbrl,BankAssetQualityXbrl,allowanceForBadDebts,allowance_for_bad_debts,tifrs-notes:AllowanceForBadDebts-AssetQualityForBankSubsidiaries,
bank_asset_quality_xbrl,BankAssetQualityXbrl,coverageRatio,coverage_ratio,tifrs-notes:CoverageRatio,
bank_asset_quality_xbrl,BankAssetQualityXbrl,createdAt,created_at,,
bank_asset_quality_xbrl,BankAssetQualityXbrl,updatedAt,updated_at,,
non_performing_receivables_xbrl,NonPerformingReceivablesXbrl,symbol,symbol,,
non_performing_receivables_xbrl,NonPerformingReceivablesXbrl,year,year,,
non_performing_receivables_xbrl,NonPerformingReceivablesXbrl,quarter,quarter,,
non_performing_receivables_xbrl,NonPerformingReceivablesXbrl,dataType,data_type,,
non_performing_receivables_xbrl,NonPerformingReceivablesXbrl,subsidiaryCompanyId,subsidiary_company_id,,
non_performing_receivables_xbrl,NonPerformingReceivablesXbrl,lineOrder,line_order,,
non_performing_receivables_xbrl,NonPerformingReceivablesXbrl,reportDate,report_date,,
non_performing_receivables_xbrl,NonPerformingReceivablesXbrl,companyName,company_name,,銀行子公司名稱
non_performing_receivables_xbrl,NonPerformingReceivablesXbrl,category,category,,"""CreditCardService"" 或 ""AccountsReceivableFactoredWithoutRecourse"""
non_performing_receivables_xbrl,NonPerformingReceivablesXbrl,amountOfNonPerformingReceivables,amount_of_non_performing_receivables,tifrs-notes:AmountOfNonPerformingReceivables,
non_performing_receivables_xbrl,NonPerformingReceivablesXbrl,grossReceivables,gross_receivables,tifrs-notes:GrossReceivables,
non_performing_receivables_xbrl,NonPerformingReceivablesXbrl,nonPerformingReceivablesRatio,non_performing_receivables_ratio,tifrs-notes:NonPerformingReceivablesRatio,
non_performing_receivables_xbrl,NonPerformingReceivablesXbrl,allowanceForBadDebts,allowance_for_bad_debts,tifrs-notes:AllowanceForBadDebts-AssetQualityForBankSubsidiaries,
non_performing_receivables_xbrl,NonPerformingReceivablesXbrl,coverageRatio,coverage_ratio,tifrs-notes:CoverageRatio,
non_performing_receivables_xbrl,NonPerformingReceivablesXbrl,createdAt,created_at,,
non_performing_receivables_xbrl,NonPerformingReceivablesXbrl,updatedAt,updated_at,,
exempted_from_reporting_xbrl,ExemptedFromReportingXbrl,symbol,symbol,,
exempted_from_reporting_xbrl,ExemptedFromReportingXbrl,year,year,,
exempted_from_reporting_xbrl,ExemptedFromReportingXbrl,quarter,quarter,,
exempted_from_reporting_xbrl,ExemptedFromReportingXbrl,dataType,data_type,,
exempted_from_reporting_xbrl,ExemptedFromReportingXbrl,subsidiaryCompanyId,subsidiary_company_id,,
exempted_from_reporting_xbrl,ExemptedFromReportingXbrl,lineOrder,line_order,,
exempted_from_reporting_xbrl,ExemptedFromReportingXbrl,reportDate,report_date,,
exempted_from_reporting_xbrl,ExemptedFromReportingXbrl,companyName,company_name,,銀行子公司名稱
exempted_from_reporting_xbrl,ExemptedFromReportingXbrl,category,category,,"""NonPerformingLoansExemptedFromReporting"" 或 ""NonPerformingReceivablesExemptedFromReporting"""
exempted_from_reporting_xbrl,ExemptedFromReportingXbrl,negotiatedInAccordanceWithTheAgreement,negotiated_in_accordance_with_the_agreement,tifrs-notes:NegotiatedLoansInAccordanceWithTheAgreementThatExemptedFromReporting,
exempted_from_reporting_xbrl,ExemptedFromReportingXbrl,negotiatedInAccordanceWithDebtLiquidationProgram,negotiated_in_accordance_with_debt_liquidation_program,tifrs-notes:NegotiatedAccountsReceivableInAccordanceWithDebtLiquidationProgramAndRestructuringProgram,
exempted_from_reporting_xbrl,ExemptedFromReportingXbrl,totalExemptedFromReporting,total_exempted_from_reporting,tifrs-notes:Total1,
exempted_from_reporting_xbrl,ExemptedFromReportingXbrl,createdAt,created_at,,
exempted_from_reporting_xbrl,ExemptedFromReportingXbrl,updatedAt,updated_at,,
investee_company_xbrl,InvesteeCompanyXbrl,symbol,symbol,,
investee_company_xbrl,InvesteeCompanyXbrl,year,year,,
investee_company_xbrl,InvesteeCompanyXbrl,quarter,quarter,,
investee_company_xbrl,InvesteeCompanyXbrl,dataType,data_type,,
investee_company_xbrl,InvesteeCompanyXbrl,subsidiaryCompanyId,subsidiary_company_id,,
investee_company_xbrl,InvesteeCompanyXbrl,lineOrder,line_order,,
investee_company_xbrl,InvesteeCompanyXbrl,reportDate,report_date,,
investee_company_xbrl,InvesteeCompanyXbrl,companyNameOfTheInvestor,company_name_of_the_investor,tifrs-notes:CompanyNameOfTheInvestor,
investee_company_xbrl,InvesteeCompanyXbrl,companyNameOfTheInvestee,company_name_of_the_investee,tifrs-notes:CompanyNameOfTheInvestee,
investee_company_xbrl,InvesteeCompanyXbrl,locationCode,location_code,tifrs-notes:LocationCode,
investee_company_xbrl,InvesteeCompanyXbrl,location,location,tifrs-notes:Location,
investee_company_xbrl,InvesteeCompanyXbrl,mainBusinessesAndProducts,main_businesses_and_products,tifrs-notes:MainBusinessesAndProducts,
investee_company_xbrl,InvesteeCompanyXbrl,percentageOfOwnership,percentage_of_ownership,,欄位名稱不帶科目代碼的數字尾碼：實測確認 PercentageOfOwnership1／BookValue1 在這張表的 情境裡沒有 2/3 同時出現，代表這個編號只是 taxonomy 內部命名產物、沒有明確語意，依使用者 指示拿掉（見 parser.ts 同名函式說明）。金控實際用的科目是 PercentageOfOwnershipAtTheEndingOfThePeriod／BookValueOfInvestment，一般業用 PercentageOfOwnership1／BookValue1，語意相同，統一成不帶編號的欄位名稱。
investee_company_xbrl,InvesteeCompanyXbrl,bookValue,book_value,,
investee_company_xbrl,InvesteeCompanyXbrl,netIncomeLossesOfTheInvestee,net_income_losses_of_the_investee,tifrs-notes:NetIncomeLossesOfTheInvestee,（一般業才有，金控結構性 null）
investee_company_xbrl,InvesteeCompanyXbrl,investmentIncomeLossesRecognized,investment_income_losses_recognized,tifrs-notes:InvestmentIncomeLossesRecognized1,（兩種產業共用同一個代碼）
investee_company_xbrl,InvesteeCompanyXbrl,note,note,tifrs-notes:Note,
investee_company_xbrl,InvesteeCompanyXbrl,numberOfShares,number_of_shares,tifrs-notes:NumberOfShares1,
investee_company_xbrl,InvesteeCompanyXbrl,numberOfSharesHeldDirectly,number_of_shares_held_directly,tifrs-notes:NumberOfShares2,（金控才有）
investee_company_xbrl,InvesteeCompanyXbrl,originalInvestmentAmountEnding,original_investment_amount_ending,tifrs-notes:EndingBalance3,（一般業才有）
investee_company_xbrl,InvesteeCompanyXbrl,originalInvestmentAmountBeginning,original_investment_amount_beginning,tifrs-notes:BeginningBalance,（一般業才有）
investee_company_xbrl,InvesteeCompanyXbrl,numberOfSharesPercentageOfOwnership,number_of_shares_percentage_of_ownership,tifrs-notes:PercentageOfOwnership2,（金控才有）
investee_company_xbrl,InvesteeCompanyXbrl,proFormaShareOfOwnership,pro_forma_share_of_ownership,tifrs-notes:Pro-formaShareOfOwnership,（金控才有）
investee_company_xbrl,InvesteeCompanyXbrl,inceptionDate,inception_date,tifrs-notes:InceptionDate,（證券期貨業才有）
investee_company_xbrl,InvesteeCompanyXbrl,approvalDocumentationNumberAndDateByFsc,approval_documentation_number_and_date_by_fsc,tifrs-notes:ApprovalDocumentationNumberAndDateByFSC,（證券期貨業才有）
investee_company_xbrl,InvesteeCompanyXbrl,revenueOfTheInvestee,revenue_of_the_investee,tifrs-notes:RevenueOfTheInvestee,（證券期貨業才有）
investee_company_xbrl,InvesteeCompanyXbrl,cashDividend,cash_dividend,tifrs-notes:CashDividend,（證券期貨業才有）
investee_company_xbrl,InvesteeCompanyXbrl,createdAt,created_at,,
investee_company_xbrl,InvesteeCompanyXbrl,updatedAt,updated_at,,
bank_capital_adequacy_detail_xbrl,BankCapitalAdequacyDetailXbrl,symbol,symbol,,
bank_capital_adequacy_detail_xbrl,BankCapitalAdequacyDetailXbrl,year,year,,
bank_capital_adequacy_detail_xbrl,BankCapitalAdequacyDetailXbrl,quarter,quarter,,
bank_capital_adequacy_detail_xbrl,BankCapitalAdequacyDetailXbrl,dataType,data_type,,
bank_capital_adequacy_detail_xbrl,BankCapitalAdequacyDetailXbrl,subsidiaryCompanyId,subsidiary_company_id,,
bank_capital_adequacy_detail_xbrl,BankCapitalAdequacyDetailXbrl,reportDate,report_date,,
bank_capital_adequacy_detail_xbrl,BankCapitalAdequacyDetailXbrl,eligibleCapital,eligible_capital,tifrs-notes:EligibleCapital,
bank_capital_adequacy_detail_xbrl,BankCapitalAdequacyDetailXbrl,ordinaryShareEquity,ordinary_share_equity,tifrs-notes:OrdinaryShareEquity,
bank_capital_adequacy_detail_xbrl,BankCapitalAdequacyDetailXbrl,otherTierICapital,other_tier_i_capital,tifrs-notes:OtherTierICapital,
bank_capital_adequacy_detail_xbrl,BankCapitalAdequacyDetailXbrl,tierIICapital,tier_ii_capital,tifrs-notes:TierIICapital,
bank_capital_adequacy_detail_xbrl,BankCapitalAdequacyDetailXbrl,riskWeightedAssets,risk_weighted_assets,tifrs-notes:Risk-WeightedAssets,
bank_capital_adequacy_detail_xbrl,BankCapitalAdequacyDetailXbrl,standardizedApproachCreditRisk,standardized_approach_credit_risk,tifrs-notes:StandardizedApproach-CreditRisk,
bank_capital_adequacy_detail_xbrl,BankCapitalAdequacyDetailXbrl,internalRatingsBasedApproach,internal_ratings_based_approach,tifrs-notes:InternalRatings-basedApproach,
bank_capital_adequacy_detail_xbrl,BankCapitalAdequacyDetailXbrl,basicIndicatorApproach,basic_indicator_approach,tifrs-notes:BasicIndicatorApproach,
bank_capital_adequacy_detail_xbrl,BankCapitalAdequacyDetailXbrl,advancedMeasurementApproach,advanced_measurement_approach,tifrs-notes:AdvancedMeasurementApproach,
bank_capital_adequacy_detail_xbrl,BankCapitalAdequacyDetailXbrl,internalModelApproach,internal_model_approach,tifrs-notes:InternalModelApproach,
bank_capital_adequacy_detail_xbrl,BankCapitalAdequacyDetailXbrl,standardizedApproachMarketRisk,standardized_approach_market_risk,tifrs-notes:StandardizedApproach-MarketRisk,
bank_capital_adequacy_detail_xbrl,BankCapitalAdequacyDetailXbrl,standardizedApproachAlternativeStandardizedApproach,standardized_approach_alt_standardized_approach,tifrs-notes:StandardizedApproachAlternativeStandardizedApproach,
bank_capital_adequacy_detail_xbrl,BankCapitalAdequacyDetailXbrl,assetSecuritization,asset_securitization,tifrs-notes:AssetSecuritization,
bank_capital_adequacy_detail_xbrl,BankCapitalAdequacyDetailXbrl,leverageRatio,leverage_ratio,tifrs-notes:LeverageRatio,
bank_capital_adequacy_detail_xbrl,BankCapitalAdequacyDetailXbrl,ratioOfOrdinaryShareEquityToRiskWeightedAssets,ratio_ordinary_share_equity_to_rwa,tifrs-notes:RatioOfOrdinaryShareEquityToRisk-WeightedAssets,
bank_capital_adequacy_detail_xbrl,BankCapitalAdequacyDetailXbrl,ratioOfTierICapitalToRiskWeightedAssets,ratio_tier_i_capital_to_rwa,tifrs-notes:RatioOfTierICapitalToRisk-WeightedAssets,
bank_capital_adequacy_detail_xbrl,BankCapitalAdequacyDetailXbrl,rawContextRef,raw_context_ref,,
bank_capital_adequacy_detail_xbrl,BankCapitalAdequacyDetailXbrl,createdAt,created_at,,
bank_capital_adequacy_detail_xbrl,BankCapitalAdequacyDetailXbrl,updatedAt,updated_at,,
group_capital_adequacy_detail_xbrl,GroupCapitalAdequacyDetailXbrl,symbol,symbol,,
group_capital_adequacy_detail_xbrl,GroupCapitalAdequacyDetailXbrl,year,year,,
group_capital_adequacy_detail_xbrl,GroupCapitalAdequacyDetailXbrl,quarter,quarter,,
group_capital_adequacy_detail_xbrl,GroupCapitalAdequacyDetailXbrl,dataType,data_type,,
group_capital_adequacy_detail_xbrl,GroupCapitalAdequacyDetailXbrl,subsidiaryCompanyId,subsidiary_company_id,,
group_capital_adequacy_detail_xbrl,GroupCapitalAdequacyDetailXbrl,reportDate,report_date,,
group_capital_adequacy_detail_xbrl,GroupCapitalAdequacyDetailXbrl,groupEligibleCapitalDeduction,group_eligible_capital_deduction,tifrs-notes:GroupEligibleCapital-Deduction,
group_capital_adequacy_detail_xbrl,GroupCapitalAdequacyDetailXbrl,groupEligibleCapitalSubtotal,group_eligible_capital_subtotal,tifrs-notes:GroupEligibleCapital-Subtotal,
group_capital_adequacy_detail_xbrl,GroupCapitalAdequacyDetailXbrl,groupStatutoryCapitalRequirementDeduction,group_statutory_capital_requirement_deduction,tifrs-notes:GroupStatutoryCapitalRequirement-Deduction,
group_capital_adequacy_detail_xbrl,GroupCapitalAdequacyDetailXbrl,groupStatutoryCapitalRequirementSubtotal,group_statutory_capital_requirement_subtotal,tifrs-notes:GroupStatutoryCapitalRequirement-Subtotal,
group_capital_adequacy_detail_xbrl,GroupCapitalAdequacyDetailXbrl,rawContextRef,raw_context_ref,,
group_capital_adequacy_detail_xbrl,GroupCapitalAdequacyDetailXbrl,createdAt,created_at,,
group_capital_adequacy_detail_xbrl,GroupCapitalAdequacyDetailXbrl,updatedAt,updated_at,,
financial_holding_balance_sheet_detail_xbrl,FinancialHoldingBalanceSheetDetailXbrl,symbol,symbol,,
financial_holding_balance_sheet_detail_xbrl,FinancialHoldingBalanceSheetDetailXbrl,year,year,,
financial_holding_balance_sheet_detail_xbrl,FinancialHoldingBalanceSheetDetailXbrl,quarter,quarter,,
financial_holding_balance_sheet_detail_xbrl,FinancialHoldingBalanceSheetDetailXbrl,dataType,data_type,,
financial_holding_balance_sheet_detail_xbrl,FinancialHoldingBalanceSheetDetailXbrl,subsidiaryCompanyId,subsidiary_company_id,,
financial_holding_balance_sheet_detail_xbrl,FinancialHoldingBalanceSheetDetailXbrl,reportDate,report_date,,
financial_holding_balance_sheet_detail_xbrl,FinancialHoldingBalanceSheetDetailXbrl,bondsIssued,bonds_issued,ifrs-full:BondsIssued,
financial_holding_balance_sheet_detail_xbrl,FinancialHoldingBalanceSheetDetailXbrl,leaseLiabilities,lease_liabilities,ifrs-full:LeaseLiabilities,
financial_holding_balance_sheet_detail_xbrl,FinancialHoldingBalanceSheetDetailXbrl,otherBorrowings,other_borrowings,ifrs-full:OtherBorrowings,
financial_holding_balance_sheet_detail_xbrl,FinancialHoldingBalanceSheetDetailXbrl,securitiesPurchasedUnderResellAgreementsQualifyingForCashAndCashEquivalentsUnderTheDefinitionOfIAS7,securities_purchased_under_resell_agreements_q_71117c84,tifrs-SCF:SecuritiesPurchasedUnderResellAgreementsQualifyingForCashAndCashEquivalentsUnderTheDefinitionOfIAS7,
financial_holding_balance_sheet_detail_xbrl,FinancialHoldingBalanceSheetDetailXbrl,commercialPapersIssuedNet,commercial_papers_issued_net,tifrs-bsci-fh:CommercialPapersIssuedNet,
financial_holding_balance_sheet_detail_xbrl,FinancialHoldingBalanceSheetDetailXbrl,commonStock,common_stock,tifrs-bsci-fh:CommonStock,
financial_holding_balance_sheet_detail_xbrl,FinancialHoldingBalanceSheetDetailXbrl,dueFromTheCentralBankAndCallLoansToBanks,due_from_the_central_bank_and_call_loans_to_banks,tifrs-bsci-fh:DueFromTheCentralBankAndCallLoansToBanks,
financial_holding_balance_sheet_detail_xbrl,FinancialHoldingBalanceSheetDetailXbrl,equivalentIssuedSharesOfAdvanceReceiptsForCommonStockUnitShare,equivalent_issued_shares_of_advance_receipts_f_cbfeb955,tifrs-bsci-fh:EquivalentIssuedSharesOfAdvanceReceiptsForCommonStockUnitShare,
financial_holding_balance_sheet_detail_xbrl,FinancialHoldingBalanceSheetDetailXbrl,insuranceContractAndReinsuranceAssetsNet,insurance_contract_and_reinsurance_assets_net,tifrs-bsci-fh:InsuranceContractAndReinsuranceAssetsNet,
financial_holding_balance_sheet_detail_xbrl,FinancialHoldingBalanceSheetDetailXbrl,insuranceContractAndReinsuranceContractLiabilities,insurance_contract_and_reinsurance_contract_liabilities,tifrs-bsci-fh:InsuranceContractAndReinsuranceContractLiabilities,
financial_holding_balance_sheet_detail_xbrl,FinancialHoldingBalanceSheetDetailXbrl,loansDiscountedNet,loans_discounted_net,tifrs-bsci-fh:LoansDiscountedNet,
financial_holding_balance_sheet_detail_xbrl,FinancialHoldingBalanceSheetDetailXbrl,numberOfTreasuryStockAcquiredByTheCompanyAndSubsidiariesUnitShare,number_of_treasury_stock_acquired_by_the_compa_7fb149e6,tifrs-bsci-fh:NumberOfTreasuryStockAcquiredByTheCompanyAndSubsidiariesUnitShare,
financial_holding_balance_sheet_detail_xbrl,FinancialHoldingBalanceSheetDetailXbrl,preferredStock,preferred_stock,tifrs-bsci-fh:PreferredStock,
financial_holding_balance_sheet_detail_xbrl,FinancialHoldingBalanceSheetDetailXbrl,preferredStockLiabilities,preferred_stock_liabilities,tifrs-bsci-fh:PreferredStockLiabilities,
financial_holding_balance_sheet_detail_xbrl,FinancialHoldingBalanceSheetDetailXbrl,receivablesNet,receivables_net,tifrs-bsci-fh:ReceivablesNet,
financial_holding_balance_sheet_detail_xbrl,FinancialHoldingBalanceSheetDetailXbrl,securitiesPurchasedUnderResellAgreements,securities_purchased_under_resell_agreements,tifrs-bsci-fh:SecuritiesPurchasedUnderResellAgreements,
financial_holding_balance_sheet_detail_xbrl,FinancialHoldingBalanceSheetDetailXbrl,securitiesSoldUnderRepurchaseAgreements,securities_sold_under_repurchase_agreements,tifrs-bsci-fh:SecuritiesSoldUnderRepurchaseAgreements,
financial_holding_balance_sheet_detail_xbrl,FinancialHoldingBalanceSheetDetailXbrl,specialReserve,special_reserve,tifrs-bsci-fh:SpecialReserve,
financial_holding_balance_sheet_detail_xbrl,FinancialHoldingBalanceSheetDetailXbrl,stockDividendToBeDistributed,stock_dividend_to_be_distributed,tifrs-bsci-fh:StockDividendToBeDistributed,
financial_holding_balance_sheet_detail_xbrl,FinancialHoldingBalanceSheetDetailXbrl,unappropriatedEarnings,unappropriated_earnings,tifrs-bsci-fh:UnappropriatedEarnings,
financial_holding_balance_sheet_detail_xbrl,FinancialHoldingBalanceSheetDetailXbrl,otherItemsQualifyingForCashAndCashEquivalentsUnderTheDefinitionOfIas7,other_items_qualifying_for_cash_equivalents_ias7,tifrs-SCF:OtherItemsQualifyingForCashAndCashEquivalentsUnderTheDefinitionOfIas7,
financial_holding_balance_sheet_detail_xbrl,FinancialHoldingBalanceSheetDetailXbrl,reserveForCapitalization,reserve_for_capitalization,tifrs-bsci-fh:ReserveForCapitalization,
financial_holding_balance_sheet_detail_xbrl,FinancialHoldingBalanceSheetDetailXbrl,rawContextRef,raw_context_ref,,
financial_holding_balance_sheet_detail_xbrl,FinancialHoldingBalanceSheetDetailXbrl,createdAt,created_at,,
financial_holding_balance_sheet_detail_xbrl,FinancialHoldingBalanceSheetDetailXbrl,updatedAt,updated_at,,
financial_holding_income_statement_detail_xbrl,FinancialHoldingIncomeStatementDetailXbrl,symbol,symbol,,
financial_holding_income_statement_detail_xbrl,FinancialHoldingIncomeStatementDetailXbrl,year,year,,
financial_holding_income_statement_detail_xbrl,FinancialHoldingIncomeStatementDetailXbrl,quarter,quarter,,
financial_holding_income_statement_detail_xbrl,FinancialHoldingIncomeStatementDetailXbrl,dataType,data_type,,
financial_holding_income_statement_detail_xbrl,FinancialHoldingIncomeStatementDetailXbrl,subsidiaryCompanyId,subsidiary_company_id,,
financial_holding_income_statement_detail_xbrl,FinancialHoldingIncomeStatementDetailXbrl,reportDate,report_date,,
financial_holding_income_statement_detail_xbrl,FinancialHoldingIncomeStatementDetailXbrl,otherComprehensiveIncomeBeforeTaxChangeInFairValueOfFinancialLiabilityAttributableToChangeInCreditRiskOfLiabilityQuarter,other_comprehensive_income_before_tax_change_i_5c679498,ifrs-full:OtherComprehensiveIncomeBeforeTaxChangeInFairValueOfFinancialLiabilityAttributableToChangeInCreditRiskOfLiability,（本季）
financial_holding_income_statement_detail_xbrl,FinancialHoldingIncomeStatementDetailXbrl,otherComprehensiveIncomeBeforeTaxChangeInFairValueOfFinancialLiabilityAttributableToChangeInCreditRiskOfLiabilityYtd,other_comprehensive_income_before_tax_change_i_4a145ea2,ifrs-full:OtherComprehensiveIncomeBeforeTaxChangeInFairValueOfFinancialLiabilityAttributableToChangeInCreditRiskOfLiability,（累計年初至今）
financial_holding_income_statement_detail_xbrl,FinancialHoldingIncomeStatementDetailXbrl,badDebtExpensesAndGuaranteeLiabilityProvisionsQuarter,bad_debt_expenses_and_guarantee_liability_prov_0342159c,tifrs-bsci-fh:BadDebtExpensesAndGuaranteeLiabilityProvisions,（本季）
financial_holding_income_statement_detail_xbrl,FinancialHoldingIncomeStatementDetailXbrl,badDebtExpensesAndGuaranteeLiabilityProvisionsYtd,bad_debt_expenses_and_guarantee_liability_prov_9fdf4b3e,tifrs-bsci-fh:BadDebtExpensesAndGuaranteeLiabilityProvisions,（累計年初至今）
financial_holding_income_statement_detail_xbrl,FinancialHoldingIncomeStatementDetailXbrl,financeIncomeOrExpensesOfReinsuranceContractsHeld49818Quarter,finance_income_or_expenses_of_reinsurance_cont_7204c748,tifrs-bsci-fh:FinanceIncomeOrExpensesOfReinsuranceContractsHeld_49818,（本季）
financial_holding_income_statement_detail_xbrl,FinancialHoldingIncomeStatementDetailXbrl,financeIncomeOrExpensesOfReinsuranceContractsHeld49818Ytd,finance_income_or_expenses_of_reinsurance_cont_f3cd3927,tifrs-bsci-fh:FinanceIncomeOrExpensesOfReinsuranceContractsHeld_49818,（累計年初至今）
financial_holding_income_statement_detail_xbrl,FinancialHoldingIncomeStatementDetailXbrl,financeIncomeOrExpensesOfReinsuranceContractsHeld69582Quarter,finance_income_or_expenses_of_reinsurance_cont_3785277d,tifrs-bsci-fh:FinanceIncomeOrExpensesOfReinsuranceContractsHeld_69582,（本季）
financial_holding_income_statement_detail_xbrl,FinancialHoldingIncomeStatementDetailXbrl,financeIncomeOrExpensesOfReinsuranceContractsHeld69582Ytd,finance_income_or_expenses_of_reinsurance_cont_189dd723,tifrs-bsci-fh:FinanceIncomeOrExpensesOfReinsuranceContractsHeld_69582,（累計年初至今）
financial_holding_income_statement_detail_xbrl,FinancialHoldingIncomeStatementDetailXbrl,gainLossOnFinancialAssetsLiabilitiesAtFairValueThroughProfitOrLossQuarter,gain_loss_on_financial_assets_liabilities_at_f_3aa5a231,tifrs-bsci-fh:GainLossOnFinancialAssetsLiabilitiesAtFairValueThroughProfitOrLoss,（本季）
financial_holding_income_statement_detail_xbrl,FinancialHoldingIncomeStatementDetailXbrl,gainLossOnFinancialAssetsLiabilitiesAtFairValueThroughProfitOrLossYtd,gain_loss_on_financial_assets_liabilities_at_f_68fa3af7,tifrs-bsci-fh:GainLossOnFinancialAssetsLiabilitiesAtFairValueThroughProfitOrLoss,（累計年初至今）
financial_holding_income_statement_detail_xbrl,FinancialHoldingIncomeStatementDetailXbrl,gainsLossesArisingFromInsuranceProductSeparatedAccount49816Quarter,gains_losses_arising_from_insurance_product_se_e0b28d98,tifrs-bsci-fh:GainsLossesArisingFromInsuranceProductSeparatedAccount_49816,（本季）
financial_holding_income_statement_detail_xbrl,FinancialHoldingIncomeStatementDetailXbrl,gainsLossesArisingFromInsuranceProductSeparatedAccount49816Ytd,gains_losses_arising_from_insurance_product_se_94b39f1e,tifrs-bsci-fh:GainsLossesArisingFromInsuranceProductSeparatedAccount_49816,（累計年初至今）
financial_holding_income_statement_detail_xbrl,FinancialHoldingIncomeStatementDetailXbrl,gainsLossesFromInvestmentsInDebtInstrumentsMeasuredAtFairValueThroughOtherComprehensiveIncomeQuarter,gains_losses_from_investments_in_debt_instrume_a7928d06,tifrs-bsci-fh:GainsLossesFromInvestmentsInDebtInstrumentsMeasuredAtFairValueThroughOtherComprehensiveIncome,（本季）
financial_holding_income_statement_detail_xbrl,FinancialHoldingIncomeStatementDetailXbrl,gainsLossesFromInvestmentsInDebtInstrumentsMeasuredAtFairValueThroughOtherComprehensiveIncomeYtd,gains_losses_from_investments_in_debt_instrume_a79227ef,tifrs-bsci-fh:GainsLossesFromInvestmentsInDebtInstrumentsMeasuredAtFairValueThroughOtherComprehensiveIncome,（累計年初至今）
financial_holding_income_statement_detail_xbrl,FinancialHoldingIncomeStatementDetailXbrl,gainsLossesOnHedgingInstrumentThatWillBeReclassifiedToProfitOrLossQuarter,gains_losses_on_hedging_instrument_that_will_b_3463ebe3,tifrs-bsci-fh:GainsLossesOnHedgingInstrumentThatWillBeReclassifiedToProfitOrLoss,（本季）
financial_holding_income_statement_detail_xbrl,FinancialHoldingIncomeStatementDetailXbrl,gainsLossesOnHedgingInstrumentThatWillBeReclassifiedToProfitOrLossYtd,gains_losses_on_hedging_instrument_that_will_b_212cacc5,tifrs-bsci-fh:GainsLossesOnHedgingInstrumentThatWillBeReclassifiedToProfitOrLoss,（累計年初至今）
financial_holding_income_statement_detail_xbrl,FinancialHoldingIncomeStatementDetailXbrl,impairmentLossOnAssetsReversalOfImpairmentLossOnAssetsQuarter,impairment_loss_on_assets_reversal_of_impairme_534aa6f9,tifrs-bsci-fh:ImpairmentLossOnAssetsReversalOfImpairmentLossOnAssets,（本季）
financial_holding_income_statement_detail_xbrl,FinancialHoldingIncomeStatementDetailXbrl,impairmentLossOnAssetsReversalOfImpairmentLossOnAssetsYtd,impairment_loss_on_assets_reversal_of_impairme_037beb93,tifrs-bsci-fh:ImpairmentLossOnAssetsReversalOfImpairmentLossOnAssets,（累計年初至今）
financial_holding_income_statement_detail_xbrl,FinancialHoldingIncomeStatementDetailXbrl,insuranceFinanceIncomeOrExpensesThatWillBeReclassifiedToProfitOrLossQuarter,insurance_finance_income_or_expenses_that_will_4f4ae410,tifrs-bsci-fh:InsuranceFinanceIncomeOrExpensesThatWillBeReclassifiedToProfitOrLoss,（本季）
financial_holding_income_statement_detail_xbrl,FinancialHoldingIncomeStatementDetailXbrl,insuranceFinanceIncomeOrExpensesThatWillBeReclassifiedToProfitOrLossYtd,insurance_finance_income_or_expenses_that_will_e96efceb,tifrs-bsci-fh:InsuranceFinanceIncomeOrExpensesThatWillBeReclassifiedToProfitOrLoss,（累計年初至今）
financial_holding_income_statement_detail_xbrl,FinancialHoldingIncomeStatementDetailXbrl,insuranceFinanceIncomeOrExpenses49817Quarter,insurance_finance_income_or_expenses49817_quarter,tifrs-bsci-fh:InsuranceFinanceIncomeOrExpenses_49817,（本季）
financial_holding_income_statement_detail_xbrl,FinancialHoldingIncomeStatementDetailXbrl,insuranceFinanceIncomeOrExpenses49817Ytd,insurance_finance_income_or_expenses49817_ytd,tifrs-bsci-fh:InsuranceFinanceIncomeOrExpenses_49817,（累計年初至今）
financial_holding_income_statement_detail_xbrl,FinancialHoldingIncomeStatementDetailXbrl,insuranceServiceResultQuarter,insurance_service_result_quarter,tifrs-bsci-fh:InsuranceServiceResult,（本季）
financial_holding_income_statement_detail_xbrl,FinancialHoldingIncomeStatementDetailXbrl,insuranceServiceResultYtd,insurance_service_result_ytd,tifrs-bsci-fh:InsuranceServiceResult,（累計年初至今）
financial_holding_income_statement_detail_xbrl,FinancialHoldingIncomeStatementDetailXbrl,netIncomeLossQuarter,net_income_loss_quarter,tifrs-bsci-fh:NetIncomeLoss,（本季）
financial_holding_income_statement_detail_xbrl,FinancialHoldingIncomeStatementDetailXbrl,netIncomeLossYtd,net_income_loss_ytd,tifrs-bsci-fh:NetIncomeLoss,（累計年初至今）
financial_holding_income_statement_detail_xbrl,FinancialHoldingIncomeStatementDetailXbrl,netIncomeLossExceptInterestQuarter,net_income_loss_except_interest_quarter,tifrs-bsci-fh:NetIncomeLossExceptInterest,（本季）
financial_holding_income_statement_detail_xbrl,FinancialHoldingIncomeStatementDetailXbrl,netIncomeLossExceptInterestYtd,net_income_loss_except_interest_ytd,tifrs-bsci-fh:NetIncomeLossExceptInterest,（累計年初至今）
financial_holding_income_statement_detail_xbrl,FinancialHoldingIncomeStatementDetailXbrl,netInterestIncomeExpenseQuarter,net_interest_income_expense_quarter,tifrs-bsci-fh:NetInterestIncomeExpense,（本季）
financial_holding_income_statement_detail_xbrl,FinancialHoldingIncomeStatementDetailXbrl,netInterestIncomeExpenseYtd,net_interest_income_expense_ytd,tifrs-bsci-fh:NetInterestIncomeExpense,（累計年初至今）
financial_holding_income_statement_detail_xbrl,FinancialHoldingIncomeStatementDetailXbrl,netOtherMiscellaneousIncomeLossQuarter,net_other_miscellaneous_income_loss_quarter,tifrs-bsci-fh:NetOtherMiscellaneousIncomeLoss,（本季）
financial_holding_income_statement_detail_xbrl,FinancialHoldingIncomeStatementDetailXbrl,netOtherMiscellaneousIncomeLossYtd,net_other_miscellaneous_income_loss_ytd,tifrs-bsci-fh:NetOtherMiscellaneousIncomeLoss,（累計年初至今）
financial_holding_income_statement_detail_xbrl,FinancialHoldingIncomeStatementDetailXbrl,netOtherNonInterestIncomesLossesQuarter,net_other_non_interest_incomes_losses_quarter,tifrs-bsci-fh:NetOtherNonInterestIncomesLosses,（本季）
financial_holding_income_statement_detail_xbrl,FinancialHoldingIncomeStatementDetailXbrl,netOtherNonInterestIncomesLossesYtd,net_other_non_interest_incomes_losses_ytd,tifrs-bsci-fh:NetOtherNonInterestIncomesLosses,（累計年初至今）
financial_holding_income_statement_detail_xbrl,FinancialHoldingIncomeStatementDetailXbrl,netServiceFeeChargeAndCommissionsIncomeLossQuarter,net_service_fee_charge_and_commissions_income__1e1b1f74,tifrs-bsci-fh:NetServiceFeeChargeAndCommissionsIncomeLoss,（本季）
financial_holding_income_statement_detail_xbrl,FinancialHoldingIncomeStatementDetailXbrl,netServiceFeeChargeAndCommissionsIncomeLossYtd,net_service_fee_charge_and_commissions_income_loss_ytd,tifrs-bsci-fh:NetServiceFeeChargeAndCommissionsIncomeLoss,（累計年初至今）
financial_holding_income_statement_detail_xbrl,FinancialHoldingIncomeStatementDetailXbrl,otherGeneralAndAdministrativeExpensesQuarter,other_general_and_administrative_expenses_quarter,tifrs-bsci-fh:OtherGeneralAndAdministrativeExpenses,（本季）
financial_holding_income_statement_detail_xbrl,FinancialHoldingIncomeStatementDetailXbrl,otherGeneralAndAdministrativeExpensesYtd,other_general_and_administrative_expenses_ytd,tifrs-bsci-fh:OtherGeneralAndAdministrativeExpenses,（累計年初至今）
financial_holding_income_statement_detail_xbrl,FinancialHoldingIncomeStatementDetailXbrl,otherInsuranceServiceCosts58200Quarter,other_insurance_service_costs58200_quarter,tifrs-bsci-fh:OtherInsuranceServiceCosts_58200,（本季）
financial_holding_income_statement_detail_xbrl,FinancialHoldingIncomeStatementDetailXbrl,otherInsuranceServiceCosts58200Ytd,other_insurance_service_costs58200_ytd,tifrs-bsci-fh:OtherInsuranceServiceCosts_58200,（累計年初至今）
financial_holding_income_statement_detail_xbrl,FinancialHoldingIncomeStatementDetailXbrl,realizedGainLossOnFinancialAssetsAtFairValueThroughOtherComprehensiveIncomeQuarter,realized_gain_loss_on_financial_assets_at_fair_80035771,tifrs-bsci-fh:RealizedGainLossOnFinancialAssetsAtFairValueThroughOtherComprehensiveIncome,（本季）
financial_holding_income_statement_detail_xbrl,FinancialHoldingIncomeStatementDetailXbrl,realizedGainLossOnFinancialAssetsAtFairValueThroughOtherComprehensiveIncomeYtd,realized_gain_loss_on_financial_assets_at_fair_a790f71d,tifrs-bsci-fh:RealizedGainLossOnFinancialAssetsAtFairValueThroughOtherComprehensiveIncome,（累計年初至今）
financial_holding_income_statement_detail_xbrl,FinancialHoldingIncomeStatementDetailXbrl,revaluationGainsLossesFromInvestmentsInDebtInstrumentsMeasuredAtFairValueThroughOtherComprehensiveIncomeQuarter,revaluation_gains_losses_from_investments_in_d_20f3ecc6,tifrs-bsci-fh:RevaluationGainsLossesFromInvestmentsInDebtInstrumentsMeasuredAtFairValueThroughOtherComprehensiveIncome,（本季）
financial_holding_income_statement_detail_xbrl,FinancialHoldingIncomeStatementDetailXbrl,revaluationGainsLossesFromInvestmentsInDebtInstrumentsMeasuredAtFairValueThroughOtherComprehensiveIncomeYtd,revaluation_gains_losses_from_investments_in_d_fdb0611b,tifrs-bsci-fh:RevaluationGainsLossesFromInvestmentsInDebtInstrumentsMeasuredAtFairValueThroughOtherComprehensiveIncome,（累計年初至今）
financial_holding_income_statement_detail_xbrl,FinancialHoldingIncomeStatementDetailXbrl,reversalOfImpairmentLossImpairmentLossFromInvestmentsInDebtInstrumentsMeasuredAtFairValueThroughOtherComprehensiveIncomeQuarter,reversal_of_impairment_loss_impairment_loss_fr_4cb7de42,tifrs-bsci-fh:ReversalOfImpairmentLossImpairmentLossFromInvestmentsInDebtInstrumentsMeasuredAtFairValueThroughOtherComprehensiveIncome,（本季）
financial_holding_income_statement_detail_xbrl,FinancialHoldingIncomeStatementDetailXbrl,reversalOfImpairmentLossImpairmentLossFromInvestmentsInDebtInstrumentsMeasuredAtFairValueThroughOtherComprehensiveIncomeYtd,reversal_of_impairment_loss_impairment_loss_fr_efea4640,tifrs-bsci-fh:ReversalOfImpairmentLossImpairmentLossFromInvestmentsInDebtInstrumentsMeasuredAtFairValueThroughOtherComprehensiveIncome,（累計年初至今）
financial_holding_income_statement_detail_xbrl,FinancialHoldingIncomeStatementDetailXbrl,shareOfProfitLossOfAssociatesAndJointVenturesAccountedForUsingEquityMethodQuarter,share_of_profit_loss_of_associates_and_joint_v_3cdd3c7c,tifrs-bsci-fh:ShareOfProfitLossOfAssociatesAndJointVenturesAccountedForUsingEquityMethod-ShareOfProfitLossOfAssociatesAndJointVenturesAccountedForUsingEquityMethod,（本季）
financial_holding_income_statement_detail_xbrl,FinancialHoldingIncomeStatementDetailXbrl,shareOfProfitLossOfAssociatesAndJointVenturesAccountedForUsingEquityMethodYtd,share_of_profit_loss_of_associates_and_joint_v_7212b7b8,tifrs-bsci-fh:ShareOfProfitLossOfAssociatesAndJointVenturesAccountedForUsingEquityMethod-ShareOfProfitLossOfAssociatesAndJointVenturesAccountedForUsingEquityMethod,（累計年初至今）
financial_holding_income_statement_detail_xbrl,FinancialHoldingIncomeStatementDetailXbrl,gainLossOnInvestmentPropertyQuarter,gain_loss_on_investment_property_quarter,tifrs-bsci-fh:GainLossOnInvestmentProperty,（本季）
financial_holding_income_statement_detail_xbrl,FinancialHoldingIncomeStatementDetailXbrl,gainLossOnInvestmentPropertyYtd,gain_loss_on_investment_property_ytd,tifrs-bsci-fh:GainLossOnInvestmentProperty,（累計年初至今）
financial_holding_income_statement_detail_xbrl,FinancialHoldingIncomeStatementDetailXbrl,rawContextRef,raw_context_ref,,
financial_holding_income_statement_detail_xbrl,FinancialHoldingIncomeStatementDetailXbrl,createdAt,created_at,,
financial_holding_income_statement_detail_xbrl,FinancialHoldingIncomeStatementDetailXbrl,updatedAt,updated_at,,
financial_holding_cash_flow_detail_xbrl,FinancialHoldingCashFlowDetailXbrl,symbol,symbol,,
financial_holding_cash_flow_detail_xbrl,FinancialHoldingCashFlowDetailXbrl,year,year,,
financial_holding_cash_flow_detail_xbrl,FinancialHoldingCashFlowDetailXbrl,quarter,quarter,,
financial_holding_cash_flow_detail_xbrl,FinancialHoldingCashFlowDetailXbrl,dataType,data_type,,
financial_holding_cash_flow_detail_xbrl,FinancialHoldingCashFlowDetailXbrl,subsidiaryCompanyId,subsidiary_company_id,,
financial_holding_cash_flow_detail_xbrl,FinancialHoldingCashFlowDetailXbrl,reportDate,report_date,,
financial_holding_cash_flow_detail_xbrl,FinancialHoldingCashFlowDetailXbrl,proceedsFromDisposalOfNoncurrentAssetsOrDisposalGroupsClassifiedAsHeldForSaleAndDiscontinuedOperations,proceeds_from_disposal_of_noncurrent_assets_or_03ffe9e3,ifrs-full:ProceedsFromDisposalOfNoncurrentAssetsOrDisposalGroupsClassifiedAsHeldForSaleAndDiscontinuedOperations,
financial_holding_cash_flow_detail_xbrl,FinancialHoldingCashFlowDetailXbrl,proceedsFromSalesOfIntangibleAssetsClassifiedAsInvestingActivities,proceeds_from_sales_of_intangible_assets_class_e8b1e071,ifrs-full:ProceedsFromSalesOfIntangibleAssetsClassifiedAsInvestingActivities,
financial_holding_cash_flow_detail_xbrl,FinancialHoldingCashFlowDetailXbrl,decreaseInCommercialPapersPayable,decrease_in_commercial_papers_payable,tifrs-SCF:DecreaseInCommercialPapersPayable,
financial_holding_cash_flow_detail_xbrl,FinancialHoldingCashFlowDetailXbrl,decreaseIncreaseInInsuranceAndReinsuranceAssets,decrease_increase_in_insurance_and_reinsurance_assets,tifrs-SCF:DecreaseIncreaseInInsuranceAndReinsuranceAssets,
financial_holding_cash_flow_detail_xbrl,FinancialHoldingCashFlowDetailXbrl,decreaseIncreaseInSecuritiesPurchasedUnderAgreementsToResell,decrease_increase_in_securities_purchased_unde_753fe43a,tifrs-SCF:DecreaseIncreaseInSecuritiesPurchasedUnderAgreementsToResell,
financial_holding_cash_flow_detail_xbrl,FinancialHoldingCashFlowDetailXbrl,impairmentLossOnFinancialAssets,impairment_loss_on_financial_assets,tifrs-SCF:ImpairmentLossOnFinancialAssets,
financial_holding_cash_flow_detail_xbrl,FinancialHoldingCashFlowDetailXbrl,increaseDecreaseInInsuranceAndReinsuranceLiabilities,increase_decrease_in_insurance_and_reinsurance_f4f9c6a6,tifrs-SCF:IncreaseDecreaseInInsuranceAndReinsuranceLiabilities,
financial_holding_cash_flow_detail_xbrl,FinancialHoldingCashFlowDetailXbrl,increaseDecreaseInNotesAndBondsIssuedUnderRepurchaseAgreement,increase_decrease_in_notes_and_bonds_issued_un_d37d02db,tifrs-SCF:IncreaseDecreaseInNotesAndBondsIssuedUnderRepurchaseAgreement,
financial_holding_cash_flow_detail_xbrl,FinancialHoldingCashFlowDetailXbrl,increaseInCommercialPapersPayable,increase_in_commercial_papers_payable,tifrs-SCF:IncreaseInCommercialPapersPayable,
financial_holding_cash_flow_detail_xbrl,FinancialHoldingCashFlowDetailXbrl,netChangeInReserveForForeignExchangeValuation,net_change_in_reserve_for_foreign_exchange_valuation,tifrs-SCF:NetChangeInReserveForForeignExchangeValuation,
financial_holding_cash_flow_detail_xbrl,FinancialHoldingCashFlowDetailXbrl,netChangeInSpecialProvisionsAndOtherProvisions,net_change_in_special_provisions_and_other_provisions,tifrs-SCF:NetChangeInSpecialProvisionsAndOtherProvisions,
financial_holding_cash_flow_detail_xbrl,FinancialHoldingCashFlowDetailXbrl,netLossGainArisingFromDerecognitionOfFinancialAssetsMeasuredAtAmortisedCost,net_loss_gain_arising_from_derecognition_of_fi_46c39c39,tifrs-SCF:NetLossGainArisingFromDerecognitionOfFinancialAssetsMeasuredAtAmortisedCost,
financial_holding_cash_flow_detail_xbrl,FinancialHoldingCashFlowDetailXbrl,netLossGainOnFinancialAssetsOrLiabilitiesAtFairValueThroughOtherComprehensiveIncome,net_loss_gain_on_financial_assets_or_liabiliti_80498855,tifrs-SCF:NetLossGainOnFinancialAssetsOrLiabilitiesAtFairValueThroughOtherComprehensiveIncome,
financial_holding_cash_flow_detail_xbrl,FinancialHoldingCashFlowDetailXbrl,decreaseInFinancialLiabilitiesAtFairValueThroughProfitOrLossDesignatedAsUponInitialRecognition,decrease_in_fin_liab_at_fvtpl_designated_upon_initial,tifrs-SCF:DecreaseInFinancialLiabilitiesAtFairValueThroughProfitOrLossDesignatedAsUponInitialRecognition,
financial_holding_cash_flow_detail_xbrl,FinancialHoldingCashFlowDetailXbrl,decreaseInRefundableDeposits,decrease_in_refundable_deposits,tifrs-SCF:DecreaseInRefundableDeposits,
financial_holding_cash_flow_detail_xbrl,FinancialHoldingCashFlowDetailXbrl,increaseInFinancialLiabilitiesAtFairValueThroughProfitOrLossDesignatedAsUponInitialRecognition,increase_in_fin_liab_at_fvtpl_designated_upon_initial,tifrs-SCF:IncreaseInFinancialLiabilitiesAtFairValueThroughProfitOrLossDesignatedAsUponInitialRecognition,
financial_holding_cash_flow_detail_xbrl,FinancialHoldingCashFlowDetailXbrl,increaseInGuaranteeDepositsReceived,increase_in_guarantee_deposits_received,tifrs-SCF:IncreaseInGuaranteeDepositsReceived,
financial_holding_cash_flow_detail_xbrl,FinancialHoldingCashFlowDetailXbrl,increaseInRefundableDeposits,increase_in_refundable_deposits,tifrs-SCF:IncreaseInRefundableDeposits,
financial_holding_cash_flow_detail_xbrl,FinancialHoldingCashFlowDetailXbrl,reversalOfImpairmentLossOnFinancialAssets,reversal_of_impairment_loss_on_financial_assets,tifrs-SCF:ReversalOfImpairmentLossOnFinancialAssets,
financial_holding_cash_flow_detail_xbrl,FinancialHoldingCashFlowDetailXbrl,rawContextRef,raw_context_ref,,
financial_holding_cash_flow_detail_xbrl,FinancialHoldingCashFlowDetailXbrl,createdAt,created_at,,
financial_holding_cash_flow_detail_xbrl,FinancialHoldingCashFlowDetailXbrl,updatedAt,updated_at,,
insurance_balance_sheet_detail_xbrl,InsuranceBalanceSheetDetailXbrl,symbol,symbol,,
insurance_balance_sheet_detail_xbrl,InsuranceBalanceSheetDetailXbrl,year,year,,
insurance_balance_sheet_detail_xbrl,InsuranceBalanceSheetDetailXbrl,quarter,quarter,,
insurance_balance_sheet_detail_xbrl,InsuranceBalanceSheetDetailXbrl,dataType,data_type,,
insurance_balance_sheet_detail_xbrl,InsuranceBalanceSheetDetailXbrl,subsidiaryCompanyId,subsidiary_company_id,,
insurance_balance_sheet_detail_xbrl,InsuranceBalanceSheetDetailXbrl,reportDate,report_date,,
insurance_balance_sheet_detail_xbrl,InsuranceBalanceSheetDetailXbrl,assetsClassifiedAsHeldForSale,assets_classified_as_held_for_sale,tifrs-bsci-ins:AssetsClassifiedAsHeldForSale,
insurance_balance_sheet_detail_xbrl,InsuranceBalanceSheetDetailXbrl,equivalentIssueSharesOfAdvanceReceiptsForOrdinaryShare,equivalent_issue_shares_of_advance_receipts_fo_dc781196,tifrs-bsci-ins:EquivalentIssueSharesOfAdvanceReceiptsForOrdinaryShare,
insurance_balance_sheet_detail_xbrl,InsuranceBalanceSheetDetailXbrl,gainsLossesFromInvestmentsInDebtInstrumentsMeasuredAtFairValueThroughOtherComprehensiveIncome,gains_losses_from_investments_in_debt_instrume_1b5c13fa,tifrs-bsci-ins:GainsLossesFromInvestmentsInDebtInstrumentsMeasuredAtFairValueThroughOtherComprehensiveIncome,
insurance_balance_sheet_detail_xbrl,InsuranceBalanceSheetDetailXbrl,insuranceContractAssets,insurance_contract_assets,tifrs-bsci-ins:InsuranceContractAssets,
insurance_balance_sheet_detail_xbrl,InsuranceBalanceSheetDetailXbrl,insuranceContractLiabilitiesCB,insurance_contract_liabilities_cb,tifrs-bsci-ins:InsuranceContractLiabilities_CB,
insurance_balance_sheet_detail_xbrl,InsuranceBalanceSheetDetailXbrl,insuranceFinanceIncomeOrExpensesRecognisedInOtherComprehensiveIncome,insurance_finance_income_or_expenses_recognise_34ca9ead,tifrs-bsci-ins:InsuranceFinanceIncomeOrExpensesRecognisedInOtherComprehensiveIncome,
insurance_balance_sheet_detail_xbrl,InsuranceBalanceSheetDetailXbrl,leasedAssets,leased_assets,tifrs-bsci-ins:LeasedAssets,
insurance_balance_sheet_detail_xbrl,InsuranceBalanceSheetDetailXbrl,numberOfShareCapitalAwaitingRetirement,number_of_share_capital_awaiting_retirement,tifrs-bsci-ins:NumberOfShareCapitalAwaitingRetirement,
insurance_balance_sheet_detail_xbrl,InsuranceBalanceSheetDetailXbrl,numberOfSharesInEntityHeldByEntityAndByItsSubsidiaries,number_of_shares_in_entity_held_by_entity_and__8e9ab17a,tifrs-bsci-ins:NumberOfSharesInEntityHeldByEntityAndByItsSubsidiaries,
insurance_balance_sheet_detail_xbrl,InsuranceBalanceSheetDetailXbrl,ordinaryShare,ordinary_share,tifrs-bsci-ins:OrdinaryShare,
insurance_balance_sheet_detail_xbrl,InsuranceBalanceSheetDetailXbrl,receivables,receivables,tifrs-bsci-ins:Receivables,
insurance_balance_sheet_detail_xbrl,InsuranceBalanceSheetDetailXbrl,reinsuranceContractAssets,reinsurance_contract_assets,tifrs-bsci-ins:ReinsuranceContractAssets,
insurance_balance_sheet_detail_xbrl,InsuranceBalanceSheetDetailXbrl,reinsuranceContractLiabilities,reinsurance_contract_liabilities,tifrs-bsci-ins:ReinsuranceContractLiabilities,
insurance_balance_sheet_detail_xbrl,InsuranceBalanceSheetDetailXbrl,specialReserve,special_reserve,tifrs-bsci-ins:SpecialReserve,
insurance_balance_sheet_detail_xbrl,InsuranceBalanceSheetDetailXbrl,unappropriatedRetainedEarnings,unappropriated_retained_earnings,tifrs-bsci-ins:UnappropriatedRetainedEarnings,
insurance_balance_sheet_detail_xbrl,InsuranceBalanceSheetDetailXbrl,rawContextRef,raw_context_ref,,
insurance_balance_sheet_detail_xbrl,InsuranceBalanceSheetDetailXbrl,createdAt,created_at,,
insurance_balance_sheet_detail_xbrl,InsuranceBalanceSheetDetailXbrl,updatedAt,updated_at,,
insurance_income_statement_detail_xbrl,InsuranceIncomeStatementDetailXbrl,symbol,symbol,,
insurance_income_statement_detail_xbrl,InsuranceIncomeStatementDetailXbrl,year,year,,
insurance_income_statement_detail_xbrl,InsuranceIncomeStatementDetailXbrl,quarter,quarter,,
insurance_income_statement_detail_xbrl,InsuranceIncomeStatementDetailXbrl,dataType,data_type,,
insurance_income_statement_detail_xbrl,InsuranceIncomeStatementDetailXbrl,subsidiaryCompanyId,subsidiary_company_id,,
insurance_income_statement_detail_xbrl,InsuranceIncomeStatementDetailXbrl,reportDate,report_date,,
insurance_income_statement_detail_xbrl,InsuranceIncomeStatementDetailXbrl,expectedCreditLossesOrReversalOfExpectedCreditLossesOfInvestmentsQuarter,expected_credit_losses_or_reversal_of_expected_8bf12379,tifrs-bsci-ins:ExpectedCreditLossesOrReversalOfExpectedCreditLossesOfInvestments,（本季）
insurance_income_statement_detail_xbrl,InsuranceIncomeStatementDetailXbrl,expectedCreditLossesOrReversalOfExpectedCreditLossesOfInvestmentsYtd,expected_credit_losses_or_reversal_of_expected_39a09054,tifrs-bsci-ins:ExpectedCreditLossesOrReversalOfExpectedCreditLossesOfInvestments,（累計年初至今）
insurance_income_statement_detail_xbrl,InsuranceIncomeStatementDetailXbrl,financeIncomeOrExpensesOfReinsuranceContractsHeldCB51501Quarter,finance_income_or_expenses_of_reinsurance_cont_94575ac6,tifrs-bsci-ins:FinanceIncomeOrExpensesOfReinsuranceContractsHeld_CB_51501,（本季）
insurance_income_statement_detail_xbrl,InsuranceIncomeStatementDetailXbrl,financeIncomeOrExpensesOfReinsuranceContractsHeldCB51501Ytd,finance_income_or_expenses_of_reinsurance_cont_c9ca1fa1,tifrs-bsci-ins:FinanceIncomeOrExpensesOfReinsuranceContractsHeld_CB_51501,（累計年初至今）
insurance_income_statement_detail_xbrl,InsuranceIncomeStatementDetailXbrl,financialResultQuarter,financial_result_quarter,tifrs-bsci-ins:FinancialResult,（本季）
insurance_income_statement_detail_xbrl,InsuranceIncomeStatementDetailXbrl,financialResultYtd,financial_result_ytd,tifrs-bsci-ins:FinancialResult,（累計年初至今）
insurance_income_statement_detail_xbrl,InsuranceIncomeStatementDetailXbrl,foreignExchangeGainsLossesInvestmentsQuarter,foreign_exchange_gains_losses_investments_quarter,tifrs-bsci-ins:ForeignExchangeGainsLossesInvestments,（本季）
insurance_income_statement_detail_xbrl,InsuranceIncomeStatementDetailXbrl,foreignExchangeGainsLossesInvestmentsYtd,foreign_exchange_gains_losses_investments_ytd,tifrs-bsci-ins:ForeignExchangeGainsLossesInvestments,（累計年初至今）
insurance_income_statement_detail_xbrl,InsuranceIncomeStatementDetailXbrl,gainsLossesFromInvestmentsInDebtInstrumentsMeasuredAtFairValueThroughOtherComprehensiveIncome2Quarter,gains_losses_from_investments_in_debt_instrume_c07ebf9c,tifrs-bsci-ins:GainsLossesFromInvestmentsInDebtInstrumentsMeasuredAtFairValueThroughOtherComprehensiveIncome2,（本季）
insurance_income_statement_detail_xbrl,InsuranceIncomeStatementDetailXbrl,gainsLossesFromInvestmentsInDebtInstrumentsMeasuredAtFairValueThroughOtherComprehensiveIncome2Ytd,gains_losses_from_investments_in_debt_instrume_d4e06f12,tifrs-bsci-ins:GainsLossesFromInvestmentsInDebtInstrumentsMeasuredAtFairValueThroughOtherComprehensiveIncome2,（累計年初至今）
insurance_income_statement_detail_xbrl,InsuranceIncomeStatementDetailXbrl,gainsLossesOnInvestmentPropertyQuarter,gains_losses_on_investment_property_quarter,tifrs-bsci-ins:GainsLossesOnInvestmentProperty,（本季）
insurance_income_statement_detail_xbrl,InsuranceIncomeStatementDetailXbrl,gainsLossesOnInvestmentPropertyYtd,gains_losses_on_investment_property_ytd,tifrs-bsci-ins:GainsLossesOnInvestmentProperty,（累計年初至今）
insurance_income_statement_detail_xbrl,InsuranceIncomeStatementDetailXbrl,gainsOnFinancialAssetsOrLiabilitiesAtFairValueThroughProfitOrLossQuarter,gains_on_financial_assets_or_liabilities_at_fa_607c8e15,tifrs-bsci-ins:GainsOnFinancialAssetsOrLiabilitiesAtFairValueThroughProfitOrLoss,（本季）
insurance_income_statement_detail_xbrl,InsuranceIncomeStatementDetailXbrl,gainsOnFinancialAssetsOrLiabilitiesAtFairValueThroughProfitOrLossYtd,gains_on_financial_assets_or_liabilities_at_fa_caba31de,tifrs-bsci-ins:GainsOnFinancialAssetsOrLiabilitiesAtFairValueThroughProfitOrLoss,（累計年初至今）
insurance_income_statement_detail_xbrl,InsuranceIncomeStatementDetailXbrl,incomeOrExpensesFromReinsuranceContractsHeldQuarter,income_or_expenses_from_reinsurance_contracts__68a18317,tifrs-bsci-ins:IncomeOrExpensesFromReinsuranceContractsHeld,（本季）
insurance_income_statement_detail_xbrl,InsuranceIncomeStatementDetailXbrl,incomeOrExpensesFromReinsuranceContractsHeldYtd,income_or_expenses_from_reinsurance_contracts_held_ytd,tifrs-bsci-ins:IncomeOrExpensesFromReinsuranceContractsHeld,（累計年初至今）
insurance_income_statement_detail_xbrl,InsuranceIncomeStatementDetailXbrl,insuranceFinanceIncomeOrExpensesQuarter,insurance_finance_income_or_expenses_quarter,tifrs-bsci-ins:InsuranceFinanceIncomeOrExpenses,（本季）
insurance_income_statement_detail_xbrl,InsuranceIncomeStatementDetailXbrl,insuranceFinanceIncomeOrExpensesYtd,insurance_finance_income_or_expenses_ytd,tifrs-bsci-ins:InsuranceFinanceIncomeOrExpenses,（累計年初至今）
insurance_income_statement_detail_xbrl,InsuranceIncomeStatementDetailXbrl,insuranceRevenueQuarter,insurance_revenue_quarter,tifrs-bsci-ins:InsuranceRevenue,（本季）
insurance_income_statement_detail_xbrl,InsuranceIncomeStatementDetailXbrl,insuranceRevenueYtd,insurance_revenue_ytd,tifrs-bsci-ins:InsuranceRevenue,（累計年初至今）
insurance_income_statement_detail_xbrl,InsuranceIncomeStatementDetailXbrl,insuranceServiceExpensesQuarter,insurance_service_expenses_quarter,tifrs-bsci-ins:InsuranceServiceExpenses,（本季）
insurance_income_statement_detail_xbrl,InsuranceIncomeStatementDetailXbrl,insuranceServiceExpensesYtd,insurance_service_expenses_ytd,tifrs-bsci-ins:InsuranceServiceExpenses,（累計年初至今）
insurance_income_statement_detail_xbrl,InsuranceIncomeStatementDetailXbrl,insuranceServiceResultQuarter,insurance_service_result_quarter,tifrs-bsci-ins:InsuranceServiceResult,（本季）
insurance_income_statement_detail_xbrl,InsuranceIncomeStatementDetailXbrl,insuranceServiceResultYtd,insurance_service_result_ytd,tifrs-bsci-ins:InsuranceServiceResult,（累計年初至今）
insurance_income_statement_detail_xbrl,InsuranceIncomeStatementDetailXbrl,netIncomeLossFromInvestmentsQuarter,net_income_loss_from_investments_quarter,tifrs-bsci-ins:NetIncomeLossFromInvestments,（本季）
insurance_income_statement_detail_xbrl,InsuranceIncomeStatementDetailXbrl,netIncomeLossFromInvestmentsYtd,net_income_loss_from_investments_ytd,tifrs-bsci-ins:NetIncomeLossFromInvestments,（累計年初至今）
insurance_income_statement_detail_xbrl,InsuranceIncomeStatementDetailXbrl,netOperatingIncomeLossQuarter,net_operating_income_loss_quarter,tifrs-bsci-ins:NetOperatingIncomeLoss,（本季）
insurance_income_statement_detail_xbrl,InsuranceIncomeStatementDetailXbrl,netOperatingIncomeLossYtd,net_operating_income_loss_ytd,tifrs-bsci-ins:NetOperatingIncomeLoss,（累計年初至今）
insurance_income_statement_detail_xbrl,InsuranceIncomeStatementDetailXbrl,nonoperatingIncomeAndExpensesQuarter,nonoperating_income_and_expenses_quarter,tifrs-bsci-ins:NonoperatingIncomeAndExpenses,（本季）
insurance_income_statement_detail_xbrl,InsuranceIncomeStatementDetailXbrl,nonoperatingIncomeAndExpensesYtd,nonoperating_income_and_expenses_ytd,tifrs-bsci-ins:NonoperatingIncomeAndExpenses,（累計年初至今）
insurance_income_statement_detail_xbrl,InsuranceIncomeStatementDetailXbrl,otherOperatingCostsQuarter,other_operating_costs_quarter,tifrs-bsci-ins:OtherOperatingCosts,（本季）
insurance_income_statement_detail_xbrl,InsuranceIncomeStatementDetailXbrl,otherOperatingCostsYtd,other_operating_costs_ytd,tifrs-bsci-ins:OtherOperatingCosts,（累計年初至今）
insurance_income_statement_detail_xbrl,InsuranceIncomeStatementDetailXbrl,otherOperatingIncomeQuarter,other_operating_income_quarter,tifrs-bsci-ins:OtherOperatingIncome,（本季）
insurance_income_statement_detail_xbrl,InsuranceIncomeStatementDetailXbrl,otherOperatingIncomeYtd,other_operating_income_ytd,tifrs-bsci-ins:OtherOperatingIncome,（累計年初至今）
insurance_income_statement_detail_xbrl,InsuranceIncomeStatementDetailXbrl,otherOperatingResultQuarter,other_operating_result_quarter,tifrs-bsci-ins:OtherOperatingResult,（本季）
insurance_income_statement_detail_xbrl,InsuranceIncomeStatementDetailXbrl,otherOperatingResultYtd,other_operating_result_ytd,tifrs-bsci-ins:OtherOperatingResult,（累計年初至今）
insurance_income_statement_detail_xbrl,InsuranceIncomeStatementDetailXbrl,realizedGainsLossesOnFinancialAssetsAtFairValueThroughOtherComprehensiveIncomeQuarter,realized_gains_losses_on_financial_assets_at_f_09e77059,tifrs-bsci-ins:RealizedGainsLossesOnFinancialAssetsAtFairValueThroughOtherComprehensiveIncome,（本季）
insurance_income_statement_detail_xbrl,InsuranceIncomeStatementDetailXbrl,realizedGainsLossesOnFinancialAssetsAtFairValueThroughOtherComprehensiveIncomeYtd,realized_gains_losses_on_financial_assets_at_f_417377ff,tifrs-bsci-ins:RealizedGainsLossesOnFinancialAssetsAtFairValueThroughOtherComprehensiveIncome,（累計年初至今）
insurance_income_statement_detail_xbrl,InsuranceIncomeStatementDetailXbrl,rawContextRef,raw_context_ref,,
insurance_income_statement_detail_xbrl,InsuranceIncomeStatementDetailXbrl,createdAt,created_at,,
insurance_income_statement_detail_xbrl,InsuranceIncomeStatementDetailXbrl,updatedAt,updated_at,,
insurance_cash_flow_detail_xbrl,InsuranceCashFlowDetailXbrl,symbol,symbol,,
insurance_cash_flow_detail_xbrl,InsuranceCashFlowDetailXbrl,year,year,,
insurance_cash_flow_detail_xbrl,InsuranceCashFlowDetailXbrl,quarter,quarter,,
insurance_cash_flow_detail_xbrl,InsuranceCashFlowDetailXbrl,dataType,data_type,,
insurance_cash_flow_detail_xbrl,InsuranceCashFlowDetailXbrl,subsidiaryCompanyId,subsidiary_company_id,,
insurance_cash_flow_detail_xbrl,InsuranceCashFlowDetailXbrl,reportDate,report_date,,
insurance_cash_flow_detail_xbrl,InsuranceCashFlowDetailXbrl,decreaseIncreaseInFinancialAssetsAtAmortisedCost,decrease_increase_in_financial_assets_at_amortised_cost,tifrs-SCF:DecreaseIncreaseInFinancialAssetsAtAmortisedCost,
insurance_cash_flow_detail_xbrl,InsuranceCashFlowDetailXbrl,decreaseIncreaseInInsuranceAssets,decrease_increase_in_insurance_assets,tifrs-SCF:DecreaseIncreaseInInsuranceAssets,
insurance_cash_flow_detail_xbrl,InsuranceCashFlowDetailXbrl,decreaseIncreaseInReinsuranceAssets,decrease_increase_in_reinsurance_assets,tifrs-SCF:DecreaseIncreaseInReinsuranceAssets,
insurance_cash_flow_detail_xbrl,InsuranceCashFlowDetailXbrl,expectedCreditLossReversalOfCreditLoss,expected_credit_loss_reversal_of_credit_loss,tifrs-SCF:ExpectedCreditLossReversalOfCreditLoss,
insurance_cash_flow_detail_xbrl,InsuranceCashFlowDetailXbrl,expectedCreditLossReversalOfCreditLoss2,expected_credit_loss_reversal_of_credit_loss2,tifrs-SCF:ExpectedCreditLossReversalOfCreditLoss2,
insurance_cash_flow_detail_xbrl,InsuranceCashFlowDetailXbrl,netChangeInSpecialClaimReserve,net_change_in_special_claim_reserve,tifrs-SCF:NetChangeInSpecialClaimReserve,
insurance_cash_flow_detail_xbrl,InsuranceCashFlowDetailXbrl,rawContextRef,raw_context_ref,,
insurance_cash_flow_detail_xbrl,InsuranceCashFlowDetailXbrl,createdAt,created_at,,
insurance_cash_flow_detail_xbrl,InsuranceCashFlowDetailXbrl,updatedAt,updated_at,,
securities_balance_sheet_detail_xbrl,SecuritiesBalanceSheetDetailXbrl,symbol,symbol,,
securities_balance_sheet_detail_xbrl,SecuritiesBalanceSheetDetailXbrl,year,year,,
securities_balance_sheet_detail_xbrl,SecuritiesBalanceSheetDetailXbrl,quarter,quarter,,
securities_balance_sheet_detail_xbrl,SecuritiesBalanceSheetDetailXbrl,dataType,data_type,,
securities_balance_sheet_detail_xbrl,SecuritiesBalanceSheetDetailXbrl,subsidiaryCompanyId,subsidiary_company_id,,
securities_balance_sheet_detail_xbrl,SecuritiesBalanceSheetDetailXbrl,reportDate,report_date,,
securities_balance_sheet_detail_xbrl,SecuritiesBalanceSheetDetailXbrl,currentAdvances,current_advances,ifrs-full:CurrentAdvances,
securities_balance_sheet_detail_xbrl,SecuritiesBalanceSheetDetailXbrl,otherCurrentFinancialLiabilities,other_current_financial_liabilities,ifrs-full:OtherCurrentFinancialLiabilities,
securities_balance_sheet_detail_xbrl,SecuritiesBalanceSheetDetailXbrl,otherPayables,other_payables,ifrs-full:OtherPayables,
securities_balance_sheet_detail_xbrl,SecuritiesBalanceSheetDetailXbrl,prepayments,prepayments,ifrs-full:Prepayments,
securities_balance_sheet_detail_xbrl,SecuritiesBalanceSheetDetailXbrl,reserveOfGainsAndLossesOnFinancialAssetsMeasuredAtFairValueThroughOtherComprehensiveIncome,reserve_of_gains_and_losses_on_financial_asset_e9a21eb8,ifrs-full:ReserveOfGainsAndLossesOnFinancialAssetsMeasuredAtFairValueThroughOtherComprehensiveIncome,
securities_balance_sheet_detail_xbrl,SecuritiesBalanceSheetDetailXbrl,accountsPayable,accounts_payable,tifrs-bsci-bd:AccountsPayable,
securities_balance_sheet_detail_xbrl,SecuritiesBalanceSheetDetailXbrl,accountsReceivable,accounts_receivable,tifrs-bsci-bd:AccountsReceivable,
securities_balance_sheet_detail_xbrl,SecuritiesBalanceSheetDetailXbrl,accountsReceivableDueFromRelatedParties,accounts_receivable_due_from_related_parties,tifrs-bsci-bd:AccountsReceivableDueFromRelatedParties,
securities_balance_sheet_detail_xbrl,SecuritiesBalanceSheetDetailXbrl,bondInvestmentsUnderResaleAgreements,bond_investments_under_resale_agreements,tifrs-bsci-bd:BondInvestmentsUnderResaleAgreements,
securities_balance_sheet_detail_xbrl,SecuritiesBalanceSheetDetailXbrl,capitalSurplusExpiredShareOptions,capital_surplus_expired_share_options,tifrs-bsci-bd:CapitalSurplusExpiredShareOptions,
securities_balance_sheet_detail_xbrl,SecuritiesBalanceSheetDetailXbrl,capitalSurplusTreasuryStockTransactions,capital_surplus_treasury_stock_transactions,tifrs-bsci-bd:CapitalSurplusTreasuryStockTransactions,
securities_balance_sheet_detail_xbrl,SecuritiesBalanceSheetDetailXbrl,commonStock,common_stock,tifrs-bsci-bd:CommonStock,
securities_balance_sheet_detail_xbrl,SecuritiesBalanceSheetDetailXbrl,customerMarginAccount,customer_margin_account,tifrs-bsci-bd:CustomerMarginAccount,
securities_balance_sheet_detail_xbrl,SecuritiesBalanceSheetDetailXbrl,depositsPayableForSecuritiesFinancing,deposits_payable_for_securities_financing,tifrs-bsci-bd:DepositsPayableForSecuritiesFinancing,
securities_balance_sheet_detail_xbrl,SecuritiesBalanceSheetDetailXbrl,equityForEachCustomerInTheAccount,equity_for_each_customer_in_the_account,tifrs-bsci-bd:EquityForEachCustomerInTheAccount,
securities_balance_sheet_detail_xbrl,SecuritiesBalanceSheetDetailXbrl,equivalentIssueSharesOfAdvanceReceiptsForCommonStock,equivalent_issue_shares_of_advance_receipts_fo_ce76b63d,tifrs-bsci-bd:EquivalentIssueSharesOfAdvanceReceiptsForCommonStock,
securities_balance_sheet_detail_xbrl,SecuritiesBalanceSheetDetailXbrl,futuresTradersEquity,futures_traders_equity,tifrs-bsci-bd:FuturesTradersEquity,
securities_balance_sheet_detail_xbrl,SecuritiesBalanceSheetDetailXbrl,liabilitiesForBondsWithAttachedRepurchaseAgreements,liabilities_for_bonds_with_attached_repurchase_b36e8ad2,tifrs-bsci-bd:LiabilitiesForBondsWithAttachedRepurchaseAgreements,
securities_balance_sheet_detail_xbrl,SecuritiesBalanceSheetDetailXbrl,marginLoansReceivable,margin_loans_receivable,tifrs-bsci-bd:MarginLoansReceivable,
securities_balance_sheet_detail_xbrl,SecuritiesBalanceSheetDetailXbrl,nonCurrentLeaseLiabilities,non_current_lease_liabilities,tifrs-bsci-bd:NonCurrentLeaseLiabilities,
securities_balance_sheet_detail_xbrl,SecuritiesBalanceSheetDetailXbrl,notesReceivable,notes_receivable,tifrs-bsci-bd:NotesReceivable,
securities_balance_sheet_detail_xbrl,SecuritiesBalanceSheetDetailXbrl,numberOfShareCapitalAwaitingRetirement,number_of_share_capital_awaiting_retirement,tifrs-bsci-bd:NumberOfShareCapitalAwaitingRetirement,
securities_balance_sheet_detail_xbrl,SecuritiesBalanceSheetDetailXbrl,numberOfSharesInEntityHeldByEntityAndByItsSubsidiaries,number_of_shares_in_entity_held_by_entity_and__8e9ab17a,tifrs-bsci-bd:NumberOfSharesInEntityHeldByEntityAndByItsSubsidiaries,
securities_balance_sheet_detail_xbrl,SecuritiesBalanceSheetDetailXbrl,otherReceivables,other_receivables,tifrs-bsci-bd:OtherReceivables,
securities_balance_sheet_detail_xbrl,SecuritiesBalanceSheetDetailXbrl,receiptsUnderCustody,receipts_under_custody,tifrs-bsci-bd:ReceiptsUnderCustody,
securities_balance_sheet_detail_xbrl,SecuritiesBalanceSheetDetailXbrl,receivableOfSecuritiesBusinessMoneyLending,receivable_of_securities_business_money_lending,tifrs-bsci-bd:ReceivableOfSecuritiesBusinessMoneyLending,
securities_balance_sheet_detail_xbrl,SecuritiesBalanceSheetDetailXbrl,refinancingCollateralReceivable,refinancing_collateral_receivable,tifrs-bsci-bd:RefinancingCollateralReceivable,
securities_balance_sheet_detail_xbrl,SecuritiesBalanceSheetDetailXbrl,refinancingMargin,refinancing_margin,tifrs-bsci-bd:RefinancingMargin,
securities_balance_sheet_detail_xbrl,SecuritiesBalanceSheetDetailXbrl,securitiesFinancingRefundableDeposits,securities_financing_refundable_deposits,tifrs-bsci-bd:SecuritiesFinancingRefundableDeposits,
securities_balance_sheet_detail_xbrl,SecuritiesBalanceSheetDetailXbrl,securitiesLendingRefundableDeposits,securities_lending_refundable_deposits,tifrs-bsci-bd:SecuritiesLendingRefundableDeposits,
securities_balance_sheet_detail_xbrl,SecuritiesBalanceSheetDetailXbrl,securityBorrowingCollateralPrice,security_borrowing_collateral_price,tifrs-bsci-bd:SecurityBorrowingCollateralPrice,
securities_balance_sheet_detail_xbrl,SecuritiesBalanceSheetDetailXbrl,securityBorrowingMargin,security_borrowing_margin,tifrs-bsci-bd:SecurityBorrowingMargin,
securities_balance_sheet_detail_xbrl,SecuritiesBalanceSheetDetailXbrl,specialReserveRetainedEarningsOrAccumulatedDeficit,special_reserve_retained_earnings_or_accumulat_ac5a99a1,tifrs-bsci-bd:SpecialReserve-RetainedEarningsOrAccumulatedDeficit,
securities_balance_sheet_detail_xbrl,SecuritiesBalanceSheetDetailXbrl,stockDividendToBeDistributed,stock_dividend_to_be_distributed,tifrs-bsci-bd:StockDividendToBeDistributed,
securities_balance_sheet_detail_xbrl,SecuritiesBalanceSheetDetailXbrl,unappropriatedRetainedEarningsAccumulatedDeficit,unappropriated_retained_earnings_accumulated_deficit,tifrs-bsci-bd:UnappropriatedRetainedEarningsAccumulatedDeficit,
securities_balance_sheet_detail_xbrl,SecuritiesBalanceSheetDetailXbrl,rawContextRef,raw_context_ref,,
securities_balance_sheet_detail_xbrl,SecuritiesBalanceSheetDetailXbrl,createdAt,created_at,,
securities_balance_sheet_detail_xbrl,SecuritiesBalanceSheetDetailXbrl,updatedAt,updated_at,,
securities_income_statement_detail_xbrl,SecuritiesIncomeStatementDetailXbrl,symbol,symbol,,
securities_income_statement_detail_xbrl,SecuritiesIncomeStatementDetailXbrl,year,year,,
securities_income_statement_detail_xbrl,SecuritiesIncomeStatementDetailXbrl,quarter,quarter,,
securities_income_statement_detail_xbrl,SecuritiesIncomeStatementDetailXbrl,dataType,data_type,,
securities_income_statement_detail_xbrl,SecuritiesIncomeStatementDetailXbrl,subsidiaryCompanyId,subsidiary_company_id,,
securities_income_statement_detail_xbrl,SecuritiesIncomeStatementDetailXbrl,reportDate,report_date,,
securities_income_statement_detail_xbrl,SecuritiesIncomeStatementDetailXbrl,brokerageFeeExpenseQuarter,brokerage_fee_expense_quarter,ifrs-full:BrokerageFeeExpense,（本季）
securities_income_statement_detail_xbrl,SecuritiesIncomeStatementDetailXbrl,brokerageFeeExpenseYtd,brokerage_fee_expense_ytd,ifrs-full:BrokerageFeeExpense,（累計年初至今）
securities_income_statement_detail_xbrl,SecuritiesIncomeStatementDetailXbrl,brokerageFeeIncomeQuarter,brokerage_fee_income_quarter,ifrs-full:BrokerageFeeIncome,（本季）
securities_income_statement_detail_xbrl,SecuritiesIncomeStatementDetailXbrl,brokerageFeeIncomeYtd,brokerage_fee_income_ytd,ifrs-full:BrokerageFeeIncome,（累計年初至今）
securities_income_statement_detail_xbrl,SecuritiesIncomeStatementDetailXbrl,administrativeAndHandlingFeeRevenuesFromIssuanceOfSTOQuarter,administrative_and_handling_fee_revenues_from__da8815d3,tifrs-bsci-bd:AdministrativeAndHandlingFeeRevenuesFromIssuanceOfSTO,（本季）
securities_income_statement_detail_xbrl,SecuritiesIncomeStatementDetailXbrl,administrativeAndHandlingFeeRevenuesFromIssuanceOfSTOYtd,administrative_and_handling_fee_revenues_from__babbe6a9,tifrs-bsci-bd:AdministrativeAndHandlingFeeRevenuesFromIssuanceOfSTO,（累計年初至今）
securities_income_statement_detail_xbrl,SecuritiesIncomeStatementDetailXbrl,expenseOfClearingAndSettlementQuarter,expense_of_clearing_and_settlement_quarter,tifrs-bsci-bd:ExpenseOfClearingAndSettlement,（本季）
securities_income_statement_detail_xbrl,SecuritiesIncomeStatementDetailXbrl,expenseOfClearingAndSettlementYtd,expense_of_clearing_and_settlement_ytd,tifrs-bsci-bd:ExpenseOfClearingAndSettlement,（累計年初至今）
securities_income_statement_detail_xbrl,SecuritiesIncomeStatementDetailXbrl,futuresCommissionExpenseQuarter,futures_commission_expense_quarter,tifrs-bsci-bd:FuturesCommissionExpense,（本季）
securities_income_statement_detail_xbrl,SecuritiesIncomeStatementDetailXbrl,futuresCommissionExpenseYtd,futures_commission_expense_ytd,tifrs-bsci-bd:FuturesCommissionExpense,（累計年初至今）
securities_income_statement_detail_xbrl,SecuritiesIncomeStatementDetailXbrl,gainLossFromDerivativesFuturesQuarter,gain_loss_from_derivatives_futures_quarter,tifrs-bsci-bd:GainLossFromDerivativesFutures,（本季）
securities_income_statement_detail_xbrl,SecuritiesIncomeStatementDetailXbrl,gainLossFromDerivativesFuturesYtd,gain_loss_from_derivatives_futures_ytd,tifrs-bsci-bd:GainLossFromDerivativesFutures,（累計年初至今）
securities_income_statement_detail_xbrl,SecuritiesIncomeStatementDetailXbrl,gainsLossesFromIssuanceOfCallPutWarrantsQuarter,gains_losses_from_issuance_of_call_put_warrants_quarter,tifrs-bsci-bd:GainsLossesFromIssuanceOfCallPutWarrants,（本季）
securities_income_statement_detail_xbrl,SecuritiesIncomeStatementDetailXbrl,gainsLossesFromIssuanceOfCallPutWarrantsYtd,gains_losses_from_issuance_of_call_put_warrants_ytd,tifrs-bsci-bd:GainsLossesFromIssuanceOfCallPutWarrants,（累計年初至今）
securities_income_statement_detail_xbrl,SecuritiesIncomeStatementDetailXbrl,gainsLossesOnCoveringOfBorrowedSecuritiesAndBondsWithResaleAgreementsShortSalesQuarter,gains_losses_on_covering_of_borrowed_securitie_9dd26ef6,tifrs-bsci-bd:GainsLossesOnCoveringOfBorrowedSecuritiesAndBondsWithResaleAgreementsShortSales,（本季）
securities_income_statement_detail_xbrl,SecuritiesIncomeStatementDetailXbrl,gainsLossesOnCoveringOfBorrowedSecuritiesAndBondsWithResaleAgreementsShortSalesYtd,gains_losses_on_covering_of_borrowed_securitie_4eb06899,tifrs-bsci-bd:GainsLossesOnCoveringOfBorrowedSecuritiesAndBondsWithResaleAgreementsShortSales,（累計年初至今）
securities_income_statement_detail_xbrl,SecuritiesIncomeStatementDetailXbrl,gainsLossesOnIssuanceOfETNsQuarter,gains_losses_on_issuance_of_etns_quarter,tifrs-bsci-bd:GainsLossesOnIssuanceOfETNs,（本季）
securities_income_statement_detail_xbrl,SecuritiesIncomeStatementDetailXbrl,gainsLossesOnIssuanceOfETNsYtd,gains_losses_on_issuance_of_etns_ytd,tifrs-bsci-bd:GainsLossesOnIssuanceOfETNs,（累計年初至今）
securities_income_statement_detail_xbrl,SecuritiesIncomeStatementDetailXbrl,gainsLossesOnSaleOfOperatingSecuritiesQuarter,gains_losses_on_sale_of_operating_securities_quarter,tifrs-bsci-bd:GainsLossesOnSaleOfOperatingSecurities,（本季）
securities_income_statement_detail_xbrl,SecuritiesIncomeStatementDetailXbrl,gainsLossesOnSaleOfOperatingSecuritiesYtd,gains_losses_on_sale_of_operating_securities_ytd,tifrs-bsci-bd:GainsLossesOnSaleOfOperatingSecurities,（累計年初至今）
securities_income_statement_detail_xbrl,SecuritiesIncomeStatementDetailXbrl,gainsLossesOnWealthManagementQuarter,gains_losses_on_wealth_management_quarter,tifrs-bsci-bd:GainsLossesOnWealthManagement,（本季）
securities_income_statement_detail_xbrl,SecuritiesIncomeStatementDetailXbrl,gainsLossesOnWealthManagementYtd,gains_losses_on_wealth_management_ytd,tifrs-bsci-bd:GainsLossesOnWealthManagement,（累計年初至今）
securities_income_statement_detail_xbrl,SecuritiesIncomeStatementDetailXbrl,impairmentLossImpairmentGainAndReversalOfImpairmentLossQuarter,impairment_loss_impairment_gain_and_reversal_o_87884685,tifrs-bsci-bd:ImpairmentLossImpairmentGainAndReversalOfImpairmentLoss,（本季）
securities_income_statement_detail_xbrl,SecuritiesIncomeStatementDetailXbrl,impairmentLossImpairmentGainAndReversalOfImpairmentLossYtd,impairment_loss_impairment_gain_and_reversal_o_d713335a,tifrs-bsci-bd:ImpairmentLossImpairmentGainAndReversalOfImpairmentLoss,（累計年初至今）
securities_income_statement_detail_xbrl,SecuritiesIncomeStatementDetailXbrl,otherOperatingExpenditureQuarter,other_operating_expenditure_quarter,tifrs-bsci-bd:OtherOperatingExpenditure,（本季）
securities_income_statement_detail_xbrl,SecuritiesIncomeStatementDetailXbrl,otherOperatingExpenditureYtd,other_operating_expenditure_ytd,tifrs-bsci-bd:OtherOperatingExpenditure,（累計年初至今）
securities_income_statement_detail_xbrl,SecuritiesIncomeStatementDetailXbrl,otherOperatingExpenseQuarter,other_operating_expense_quarter,tifrs-bsci-bd:OtherOperatingExpense,（本季）
securities_income_statement_detail_xbrl,SecuritiesIncomeStatementDetailXbrl,otherOperatingExpenseYtd,other_operating_expense_ytd,tifrs-bsci-bd:OtherOperatingExpense,（累計年初至今）
securities_income_statement_detail_xbrl,SecuritiesIncomeStatementDetailXbrl,otherOperatingIncomeQuarter,other_operating_income_quarter,tifrs-bsci-bd:OtherOperatingIncome,（本季）
securities_income_statement_detail_xbrl,SecuritiesIncomeStatementDetailXbrl,otherOperatingIncomeYtd,other_operating_income_ytd,tifrs-bsci-bd:OtherOperatingIncome,（累計年初至今）
securities_income_statement_detail_xbrl,SecuritiesIncomeStatementDetailXbrl,proprietaryHandlingFeeExpenseQuarter,proprietary_handling_fee_expense_quarter,tifrs-bsci-bd:ProprietaryHandlingFeeExpense,（本季）
securities_income_statement_detail_xbrl,SecuritiesIncomeStatementDetailXbrl,proprietaryHandlingFeeExpenseYtd,proprietary_handling_fee_expense_ytd,tifrs-bsci-bd:ProprietaryHandlingFeeExpense,（累計年初至今）
securities_income_statement_detail_xbrl,SecuritiesIncomeStatementDetailXbrl,realisedGainsLossesOnFinancialAssetsMeasuredAtFairValueThroughOtherComprehensiveIncomeBondsQuarter,realised_gains_losses_on_financial_assets_meas_520aecce,tifrs-bsci-bd:RealisedGainsLossesOnFinancialAssetsMeasuredAtFairValueThroughOtherComprehensiveIncomeBonds,（本季）
securities_income_statement_detail_xbrl,SecuritiesIncomeStatementDetailXbrl,realisedGainsLossesOnFinancialAssetsMeasuredAtFairValueThroughOtherComprehensiveIncomeBondsYtd,realised_gains_losses_on_financial_assets_meas_474596e7,tifrs-bsci-bd:RealisedGainsLossesOnFinancialAssetsMeasuredAtFairValueThroughOtherComprehensiveIncomeBonds,（累計年初至今）
securities_income_statement_detail_xbrl,SecuritiesIncomeStatementDetailXbrl,refinancingProcessingFeeExpensesQuarter,refinancing_processing_fee_expenses_quarter,tifrs-bsci-bd:RefinancingProcessingFeeExpenses,（本季）
securities_income_statement_detail_xbrl,SecuritiesIncomeStatementDetailXbrl,refinancingProcessingFeeExpensesYtd,refinancing_processing_fee_expenses_ytd,tifrs-bsci-bd:RefinancingProcessingFeeExpenses,（累計年初至今）
securities_income_statement_detail_xbrl,SecuritiesIncomeStatementDetailXbrl,revenueFromProvidingAgencyServiceForStockAffairsQuarter,revenue_from_providing_agency_service_for_stoc_ea4ea70e,tifrs-bsci-bd:RevenueFromProvidingAgencyServiceForStockAffairs,（本季）
securities_income_statement_detail_xbrl,SecuritiesIncomeStatementDetailXbrl,revenueFromProvidingAgencyServiceForStockAffairsYtd,revenue_from_providing_agency_service_for_stoc_31bbd737,tifrs-bsci-bd:RevenueFromProvidingAgencyServiceForStockAffairs,（累計年初至今）
securities_income_statement_detail_xbrl,SecuritiesIncomeStatementDetailXbrl,revenuesFromUnderwritingBusinessQuarter,revenues_from_underwriting_business_quarter,tifrs-bsci-bd:RevenuesFromUnderwritingBusiness,（本季）
securities_income_statement_detail_xbrl,SecuritiesIncomeStatementDetailXbrl,revenuesFromUnderwritingBusinessYtd,revenues_from_underwriting_business_ytd,tifrs-bsci-bd:RevenuesFromUnderwritingBusiness,（累計年初至今）
securities_income_statement_detail_xbrl,SecuritiesIncomeStatementDetailXbrl,stoAdministrativeExpensesQuarter,sto_administrative_expenses_quarter,tifrs-bsci-bd:STOAdministrativeExpenses,（本季）
securities_income_statement_detail_xbrl,SecuritiesIncomeStatementDetailXbrl,stoAdministrativeExpensesYtd,sto_administrative_expenses_ytd,tifrs-bsci-bd:STOAdministrativeExpenses,（累計年初至今）
securities_income_statement_detail_xbrl,SecuritiesIncomeStatementDetailXbrl,totalExpenditureAndExpenseQuarter,total_expenditure_and_expense_quarter,tifrs-bsci-bd:TotalExpenditureAndExpense,（本季）
securities_income_statement_detail_xbrl,SecuritiesIncomeStatementDetailXbrl,totalExpenditureAndExpenseYtd,total_expenditure_and_expense_ytd,tifrs-bsci-bd:TotalExpenditureAndExpense,（累計年初至今）
securities_income_statement_detail_xbrl,SecuritiesIncomeStatementDetailXbrl,totalNonoperatingIncomeAndExpensesQuarter,total_nonoperating_income_and_expenses_quarter,tifrs-bsci-bd:TotalNonoperatingIncomeAndExpenses,（本季）
securities_income_statement_detail_xbrl,SecuritiesIncomeStatementDetailXbrl,totalNonoperatingIncomeAndExpensesYtd,total_nonoperating_income_and_expenses_ytd,tifrs-bsci-bd:TotalNonoperatingIncomeAndExpenses,（累計年初至今）
securities_income_statement_detail_xbrl,SecuritiesIncomeStatementDetailXbrl,unrealisedGainsLossesFromInvestmentsInDebtInstrumentsMeasuredAtFairValueThroughOtherComprehensiveIncomeQuarter,unrealised_gains_losses_from_investments_in_de_7e02535e,tifrs-bsci-bd:UnrealisedGainsLossesFromInvestmentsInDebtInstrumentsMeasuredAtFairValueThroughOtherComprehensiveIncome,（本季）
securities_income_statement_detail_xbrl,SecuritiesIncomeStatementDetailXbrl,unrealisedGainsLossesFromInvestmentsInDebtInstrumentsMeasuredAtFairValueThroughOtherComprehensiveIncomeYtd,unrealised_gains_losses_from_investments_in_de_77a00522,tifrs-bsci-bd:UnrealisedGainsLossesFromInvestmentsInDebtInstrumentsMeasuredAtFairValueThroughOtherComprehensiveIncome,（累計年初至今）
securities_income_statement_detail_xbrl,SecuritiesIncomeStatementDetailXbrl,valuationGainsLossesOnBorrowedSecuritiesAndBondsWithResaleAgreementsShortSalesAtFairValueThroughProfitOrLossQuarter,valuation_gains_losses_on_borrowed_securities__d3ae2e48,tifrs-bsci-bd:ValuationGainsLossesOnBorrowedSecuritiesAndBondsWithResaleAgreementsShortSalesAtFairValueThroughProfitOrLoss,（本季）
securities_income_statement_detail_xbrl,SecuritiesIncomeStatementDetailXbrl,valuationGainsLossesOnBorrowedSecuritiesAndBondsWithResaleAgreementsShortSalesAtFairValueThroughProfitOrLossYtd,valuation_gains_losses_on_borrowed_securities__d0519ce5,tifrs-bsci-bd:ValuationGainsLossesOnBorrowedSecuritiesAndBondsWithResaleAgreementsShortSalesAtFairValueThroughProfitOrLoss,（累計年初至今）
securities_income_statement_detail_xbrl,SecuritiesIncomeStatementDetailXbrl,valuationGainsLossesOnOperatingSecuritiesAtFairValueThroughProfitOrLossQuarter,valuation_gains_losses_on_operating_securities_3dde1e55,tifrs-bsci-bd:ValuationGainsLossesOnOperatingSecuritiesAtFairValueThroughProfitOrLoss,（本季）
securities_income_statement_detail_xbrl,SecuritiesIncomeStatementDetailXbrl,valuationGainsLossesOnOperatingSecuritiesAtFairValueThroughProfitOrLossYtd,valuation_gains_losses_on_operating_securities_1d2e952b,tifrs-bsci-bd:ValuationGainsLossesOnOperatingSecuritiesAtFairValueThroughProfitOrLoss,（累計年初至今）
securities_income_statement_detail_xbrl,SecuritiesIncomeStatementDetailXbrl,valuationGainsLossesOnSecuritiesForFuturesMarginAtFairValueThroughProfitOrLossQuarter,valuation_gains_losses_on_securities_for_futur_97ce4d43,tifrs-bsci-bd:ValuationGainsLossesOnSecuritiesForFuturesMarginAtFairValueThroughProfitOrLoss,（本季）
securities_income_statement_detail_xbrl,SecuritiesIncomeStatementDetailXbrl,valuationGainsLossesOnSecuritiesForFuturesMarginAtFairValueThroughProfitOrLossYtd,valuation_gains_losses_on_securities_for_futur_c5039aae,tifrs-bsci-bd:ValuationGainsLossesOnSecuritiesForFuturesMarginAtFairValueThroughProfitOrLoss,（累計年初至今）
securities_income_statement_detail_xbrl,SecuritiesIncomeStatementDetailXbrl,rawContextRef,raw_context_ref,,
securities_income_statement_detail_xbrl,SecuritiesIncomeStatementDetailXbrl,createdAt,created_at,,
securities_income_statement_detail_xbrl,SecuritiesIncomeStatementDetailXbrl,updatedAt,updated_at,,
securities_cash_flow_detail_xbrl,SecuritiesCashFlowDetailXbrl,symbol,symbol,,
securities_cash_flow_detail_xbrl,SecuritiesCashFlowDetailXbrl,year,year,,
securities_cash_flow_detail_xbrl,SecuritiesCashFlowDetailXbrl,quarter,quarter,,
securities_cash_flow_detail_xbrl,SecuritiesCashFlowDetailXbrl,dataType,data_type,,
securities_cash_flow_detail_xbrl,SecuritiesCashFlowDetailXbrl,subsidiaryCompanyId,subsidiary_company_id,,
securities_cash_flow_detail_xbrl,SecuritiesCashFlowDetailXbrl,reportDate,report_date,,
securities_cash_flow_detail_xbrl,SecuritiesCashFlowDetailXbrl,decreaseIncreaseInAccountsReceivableRelatedParties,decrease_increase_in_accounts_receivable_relat_57953e8b,tifrs-SCF:DecreaseIncreaseInAccountsReceivableRelatedParties,
securities_cash_flow_detail_xbrl,SecuritiesCashFlowDetailXbrl,decreaseIncreaseInBondInvestmentsUnderResaleAgreements,decrease_increase_in_bond_investments_under_re_249ef6bf,tifrs-SCF:DecreaseIncreaseInBondInvestmentsUnderResaleAgreements,
securities_cash_flow_detail_xbrl,SecuritiesCashFlowDetailXbrl,decreaseIncreaseInCustomerMarginAccount,decrease_increase_in_customer_margin_account,tifrs-SCF:DecreaseIncreaseInCustomerMarginAccount,
securities_cash_flow_detail_xbrl,SecuritiesCashFlowDetailXbrl,decreaseIncreaseInMarginLoansReceivable,decrease_increase_in_margin_loans_receivable,tifrs-SCF:DecreaseIncreaseInMarginLoansReceivable,
securities_cash_flow_detail_xbrl,SecuritiesCashFlowDetailXbrl,decreaseIncreaseInOtherPrepayments,decrease_increase_in_other_prepayments,tifrs-SCF:DecreaseIncreaseInOtherPrepayments,
securities_cash_flow_detail_xbrl,SecuritiesCashFlowDetailXbrl,decreaseIncreaseInReceivableOfSecuritiesBusinessMoneyLending,decrease_increase_in_receivable_of_securities__2d32d8fe,tifrs-SCF:DecreaseIncreaseInReceivableOfSecuritiesBusinessMoneyLending,
securities_cash_flow_detail_xbrl,SecuritiesCashFlowDetailXbrl,decreaseIncreaseInRefinancingCollateralReceivable,decrease_increase_in_refinancing_collateral_receivable,tifrs-SCF:DecreaseIncreaseInRefinancingCollateralReceivable,
securities_cash_flow_detail_xbrl,SecuritiesCashFlowDetailXbrl,decreaseIncreaseInRefinancingMargin,decrease_increase_in_refinancing_margin,tifrs-SCF:DecreaseIncreaseInRefinancingMargin,
securities_cash_flow_detail_xbrl,SecuritiesCashFlowDetailXbrl,decreaseIncreaseInSecurityBorrowingCollateralPrice,decrease_increase_in_security_borrowing_collat_16040955,tifrs-SCF:DecreaseIncreaseInSecurityBorrowingCollateralPrice,
securities_cash_flow_detail_xbrl,SecuritiesCashFlowDetailXbrl,decreaseIncreaseInSecurityBorrowingMargin,decrease_increase_in_security_borrowing_margin,tifrs-SCF:DecreaseIncreaseInSecurityBorrowingMargin,
securities_cash_flow_detail_xbrl,SecuritiesCashFlowDetailXbrl,increaseDecreaseInAmountsReceivedInAdvance,increase_decrease_in_amounts_received_in_advance,tifrs-SCF:IncreaseDecreaseInAmountsReceivedInAdvance,
securities_cash_flow_detail_xbrl,SecuritiesCashFlowDetailXbrl,increaseDecreaseInDepositsPayableForSecuritiesFinancing,increase_decrease_in_deposits_payable_for_secu_4eb64c9c,tifrs-SCF:IncreaseDecreaseInDepositsPayableForSecuritiesFinancing,
securities_cash_flow_detail_xbrl,SecuritiesCashFlowDetailXbrl,increaseDecreaseInFuturesTradersEquity,increase_decrease_in_futures_traders_equity,tifrs-SCF:IncreaseDecreaseInFuturesTradersEquity,
securities_cash_flow_detail_xbrl,SecuritiesCashFlowDetailXbrl,increaseDecreaseInLiabilitiesForBondsWithAttachedRepurchaseAgreements,increase_decrease_in_liabilities_for_bonds_wit_8c59eeae,tifrs-SCF:IncreaseDecreaseInLiabilitiesForBondsWithAttachedRepurchaseAgreements,
securities_cash_flow_detail_xbrl,SecuritiesCashFlowDetailXbrl,increaseDecreaseInReceiptsUnderCustody,increase_decrease_in_receipts_under_custody,tifrs-SCF:IncreaseDecreaseInReceiptsUnderCustody,
securities_cash_flow_detail_xbrl,SecuritiesCashFlowDetailXbrl,increaseDecreaseInRefundableDeposit,increase_decrease_in_refundable_deposit,tifrs-SCF:IncreaseDecreaseInRefundableDeposit,
securities_cash_flow_detail_xbrl,SecuritiesCashFlowDetailXbrl,increaseDecreaseInSecuritiesFinancingRefundableDeposits,increase_decrease_in_securities_financing_refu_adf23b90,tifrs-SCF:IncreaseDecreaseInSecuritiesFinancingRefundableDeposits,
securities_cash_flow_detail_xbrl,SecuritiesCashFlowDetailXbrl,increaseInPrepaymentsForBusinessFacilities,increase_in_prepayments_for_business_facilities,tifrs-SCF:IncreaseInPrepaymentsForBusinessFacilities,
securities_cash_flow_detail_xbrl,SecuritiesCashFlowDetailXbrl,netCashInflowsFromBusinessCombination,net_cash_inflows_from_business_combination,tifrs-SCF:NetCashInflowsFromBusinessCombination,
securities_cash_flow_detail_xbrl,SecuritiesCashFlowDetailXbrl,netLossGainOnNonoperatingFinancialInstrumentsAtFairValue,net_loss_gain_on_nonoperating_financial_instru_4d50e222,tifrs-SCF:NetLossGainOnNonoperatingFinancialInstrumentsAtFairValue,
securities_cash_flow_detail_xbrl,SecuritiesCashFlowDetailXbrl,rawContextRef,raw_context_ref,,
securities_cash_flow_detail_xbrl,SecuritiesCashFlowDetailXbrl,createdAt,created_at,,
securities_cash_flow_detail_xbrl,SecuritiesCashFlowDetailXbrl,updatedAt,updated_at,,
financial_ratio_restriction_xbrl,FinancialRatioRestrictionXbrl,symbol,symbol,,
financial_ratio_restriction_xbrl,FinancialRatioRestrictionXbrl,year,year,,
financial_ratio_restriction_xbrl,FinancialRatioRestrictionXbrl,quarter,quarter,,
financial_ratio_restriction_xbrl,FinancialRatioRestrictionXbrl,dataType,data_type,,
financial_ratio_restriction_xbrl,FinancialRatioRestrictionXbrl,subsidiaryCompanyId,subsidiary_company_id,,
financial_ratio_restriction_xbrl,FinancialRatioRestrictionXbrl,lineOrder,line_order,,
financial_ratio_restriction_xbrl,FinancialRatioRestrictionXbrl,reportDate,report_date,,
financial_ratio_restriction_xbrl,FinancialRatioRestrictionXbrl,nameOfTheCompany,name_of_the_company,tifrs-notes:NameOfTheCompany,
financial_ratio_restriction_xbrl,FinancialRatioRestrictionXbrl,ratioType,ratio_type,,原始 XBRL tuple 本地名稱（不含命名空間前綴），跟 EquityChangeXbrl 的 member 欄位同一種 「保留原始名稱、不額外正規化」的慣例。
financial_ratio_restriction_xbrl,FinancialRatioRestrictionXbrl,currentPeriodNumerator,current_period_numerator,tifrs-notes:Numerator,（本期）
financial_ratio_restriction_xbrl,FinancialRatioRestrictionXbrl,currentPeriodDenominator,current_period_denominator,tifrs-notes:Denominator,（本期）
financial_ratio_restriction_xbrl,FinancialRatioRestrictionXbrl,currentPeriodRatio,current_period_ratio,tifrs-notes:Ratio,（本期，直接存顯示值，不套用 XBRL scale 屬性換算，跟 percentageOfOwnership 等既有欄位同一套慣例）
financial_ratio_restriction_xbrl,FinancialRatioRestrictionXbrl,priorPeriodNumerator,prior_period_numerator,tifrs-notes:Numerator,（上期）
financial_ratio_restriction_xbrl,FinancialRatioRestrictionXbrl,priorPeriodDenominator,prior_period_denominator,tifrs-notes:Denominator,（上期）
financial_ratio_restriction_xbrl,FinancialRatioRestrictionXbrl,priorPeriodRatio,prior_period_ratio,tifrs-notes:Ratio,（上期）
financial_ratio_restriction_xbrl,FinancialRatioRestrictionXbrl,criteria,criteria,tifrs-notes:Criteria,，例如「≧1」
financial_ratio_restriction_xbrl,FinancialRatioRestrictionXbrl,enforcement,enforcement,tifrs-notes:Enforcement,，例如「符合標準」
financial_ratio_restriction_xbrl,FinancialRatioRestrictionXbrl,createdAt,created_at,,
financial_ratio_restriction_xbrl,FinancialRatioRestrictionXbrl,updatedAt,updated_at,,
trade_and_other_receivables_xbrl,TradeAndOtherReceivablesXbrl,symbol,symbol,,
trade_and_other_receivables_xbrl,TradeAndOtherReceivablesXbrl,year,year,,
trade_and_other_receivables_xbrl,TradeAndOtherReceivablesXbrl,quarter,quarter,,
trade_and_other_receivables_xbrl,TradeAndOtherReceivablesXbrl,dataType,data_type,,
trade_and_other_receivables_xbrl,TradeAndOtherReceivablesXbrl,subsidiaryCompanyId,subsidiary_company_id,,
trade_and_other_receivables_xbrl,TradeAndOtherReceivablesXbrl,lineOrder,line_order,,
trade_and_other_receivables_xbrl,TradeAndOtherReceivablesXbrl,reportDate,report_date,,
trade_and_other_receivables_xbrl,TradeAndOtherReceivablesXbrl,financialStatementAccount,financial_statement_account,tifrs-notes:FinancialStatementAccount2,
trade_and_other_receivables_xbrl,TradeAndOtherReceivablesXbrl,amountCurrentPeriodEnd,amount_current_period_end,tifrs-notes:Amount2,
trade_and_other_receivables_xbrl,TradeAndOtherReceivablesXbrl,amountPriorYearEnd,amount_prior_year_end,,
trade_and_other_receivables_xbrl,TradeAndOtherReceivablesXbrl,amountPriorYearSamePeriodEnd,amount_prior_year_same_period_end,,
trade_and_other_receivables_xbrl,TradeAndOtherReceivablesXbrl,createdAt,created_at,,
trade_and_other_receivables_xbrl,TradeAndOtherReceivablesXbrl,updatedAt,updated_at,,
receivables_allowance_movement_xbrl,ReceivablesAllowanceMovementXbrl,symbol,symbol,,
receivables_allowance_movement_xbrl,ReceivablesAllowanceMovementXbrl,year,year,,
receivables_allowance_movement_xbrl,ReceivablesAllowanceMovementXbrl,quarter,quarter,,
receivables_allowance_movement_xbrl,ReceivablesAllowanceMovementXbrl,dataType,data_type,,
receivables_allowance_movement_xbrl,ReceivablesAllowanceMovementXbrl,subsidiaryCompanyId,subsidiary_company_id,,
receivables_allowance_movement_xbrl,ReceivablesAllowanceMovementXbrl,reportDate,report_date,,
receivables_allowance_movement_xbrl,ReceivablesAllowanceMovementXbrl,totalTradeAndOtherReceivables,total_trade_and_other_receivables,tifrs-notes:TotalTradeAndOtherReceivables,
receivables_allowance_movement_xbrl,ReceivablesAllowanceMovementXbrl,scheduleOfTradeAndOtherReceivables,schedule_of_trade_and_other_receivables,tifrs-notes:ScheduleOfTradeAndOtherReceivables,（自由格式說明文字，但跟合計數字同一張附註，一起收）
receivables_allowance_movement_xbrl,ReceivablesAllowanceMovementXbrl,beginningBalance,beginning_balance,tifrs-notes:BeginningBalance2,
receivables_allowance_movement_xbrl,ReceivablesAllowanceMovementXbrl,effectOfRetrospectiveApplicationOfIfrs9,effect_of_retrospective_application_of_ifrs9,tifrs-notes:EffectOfRetrospectiveApplicationOfIFRS9,
receivables_allowance_movement_xbrl,ReceivablesAllowanceMovementXbrl,provisionForImpairmentLoss,provision_for_impairment_loss,tifrs-notes:ProvisionForImpairmentLoss,
receivables_allowance_movement_xbrl,ReceivablesAllowanceMovementXbrl,reversalOfImpairmentLoss,reversal_of_impairment_loss,tifrs-notes:ReversalOfImpairmentLoss,
receivables_allowance_movement_xbrl,ReceivablesAllowanceMovementXbrl,writeOffsChargedAgainstTheAllowanceAccounts,write_offs_charged_against_the_allowance_acco,tifrs-notes:WriteOffsChargedAgainstTheAllowanceAccounts,
receivables_allowance_movement_xbrl,ReceivablesAllowanceMovementXbrl,reversalOfDiscount,reversal_of_discount,tifrs-notes:ReversalOfDiscount,
receivables_allowance_movement_xbrl,ReceivablesAllowanceMovementXbrl,currencyTranslationDifferences,currency_translation_differences,tifrs-notes:CurrencyTranslationDifferences,
receivables_allowance_movement_xbrl,ReceivablesAllowanceMovementXbrl,others,others,tifrs-notes:Others1,
receivables_allowance_movement_xbrl,ReceivablesAllowanceMovementXbrl,endingBalance,ending_balance,tifrs-notes:EndingBalance4,
receivables_allowance_movement_xbrl,ReceivablesAllowanceMovementXbrl,createdAt,created_at,,
receivables_allowance_movement_xbrl,ReceivablesAllowanceMovementXbrl,updatedAt,updated_at,,
key_management_compensation_xbrl,KeyManagementCompensationXbrl,symbol,symbol,,
key_management_compensation_xbrl,KeyManagementCompensationXbrl,year,year,,
key_management_compensation_xbrl,KeyManagementCompensationXbrl,quarter,quarter,,
key_management_compensation_xbrl,KeyManagementCompensationXbrl,dataType,data_type,,
key_management_compensation_xbrl,KeyManagementCompensationXbrl,subsidiaryCompanyId,subsidiary_company_id,,
key_management_compensation_xbrl,KeyManagementCompensationXbrl,reportDate,report_date,,
key_management_compensation_xbrl,KeyManagementCompensationXbrl,shortTermEmployeeBenefitsQuarter,short_term_employee_benefits_quarter,tifrs-notes:ShortTermEmployeeBenefits,（本季）
key_management_compensation_xbrl,KeyManagementCompensationXbrl,shortTermEmployeeBenefitsYtd,short_term_employee_benefits_ytd,tifrs-notes:ShortTermEmployeeBenefits,（累計年初至今）
key_management_compensation_xbrl,KeyManagementCompensationXbrl,postEmploymentBenefitsQuarter,post_employment_benefits_quarter,tifrs-notes:PostEmploymentBenefits,（本季）
key_management_compensation_xbrl,KeyManagementCompensationXbrl,postEmploymentBenefitsYtd,post_employment_benefits_ytd,tifrs-notes:PostEmploymentBenefits,（累計年初至今）
key_management_compensation_xbrl,KeyManagementCompensationXbrl,otherLongTermBenefitsQuarter,other_long_term_benefits_quarter,tifrs-notes:OtherLongTermBenefits,（本季）
key_management_compensation_xbrl,KeyManagementCompensationXbrl,otherLongTermBenefitsYtd,other_long_term_benefits_ytd,tifrs-notes:OtherLongTermBenefits,（累計年初至今）
key_management_compensation_xbrl,KeyManagementCompensationXbrl,terminationBenefitsQuarter,termination_benefits_quarter,tifrs-notes:TerminationBenefits,（本季）
key_management_compensation_xbrl,KeyManagementCompensationXbrl,terminationBenefitsYtd,termination_benefits_ytd,tifrs-notes:TerminationBenefits,（累計年初至今）
key_management_compensation_xbrl,KeyManagementCompensationXbrl,shareBasedPayment2Quarter,share_based_payment2_quarter,tifrs-notes:ShareBasedPayment2,（本季）
key_management_compensation_xbrl,KeyManagementCompensationXbrl,shareBasedPayment2Ytd,share_based_payment2_ytd,tifrs-notes:ShareBasedPayment2,（累計年初至今）
key_management_compensation_xbrl,KeyManagementCompensationXbrl,totalKeyManagementPersonnelCompensationQuarter,total_key_management_personnel_compensation_quarter,tifrs-notes:TotalKeyManagementPersonnelCompensation,（本季）
key_management_compensation_xbrl,KeyManagementCompensationXbrl,totalKeyManagementPersonnelCompensationYtd,total_key_management_personnel_compensation_ytd,tifrs-notes:TotalKeyManagementPersonnelCompensation,（累計年初至今）
key_management_compensation_xbrl,KeyManagementCompensationXbrl,rawContextRef,raw_context_ref,,
key_management_compensation_xbrl,KeyManagementCompensationXbrl,createdAt,created_at,,
key_management_compensation_xbrl,KeyManagementCompensationXbrl,updatedAt,updated_at,,
nonoperating_income_expense_detail_xbrl,NonoperatingIncomeExpenseDetailXbrl,symbol,symbol,,
nonoperating_income_expense_detail_xbrl,NonoperatingIncomeExpenseDetailXbrl,year,year,,
nonoperating_income_expense_detail_xbrl,NonoperatingIncomeExpenseDetailXbrl,quarter,quarter,,
nonoperating_income_expense_detail_xbrl,NonoperatingIncomeExpenseDetailXbrl,dataType,data_type,,
nonoperating_income_expense_detail_xbrl,NonoperatingIncomeExpenseDetailXbrl,subsidiaryCompanyId,subsidiary_company_id,,
nonoperating_income_expense_detail_xbrl,NonoperatingIncomeExpenseDetailXbrl,reportDate,report_date,,
nonoperating_income_expense_detail_xbrl,NonoperatingIncomeExpenseDetailXbrl,interestIncomeFromBankDepositsNQuarter,interest_income_from_bank_deposits_nquarter,tifrs-notes:InterestIncomeFromBankDeposits_n,（本季）
nonoperating_income_expense_detail_xbrl,NonoperatingIncomeExpenseDetailXbrl,interestIncomeFromBankDepositsNYtd,interest_income_from_bank_deposits_nytd,tifrs-notes:InterestIncomeFromBankDeposits_n,（累計年初至今）
nonoperating_income_expense_detail_xbrl,NonoperatingIncomeExpenseDetailXbrl,interestIncomeFromFinancialAssetsMeasuredAtAmortisedCostNQuarter,interest_income_from_financial_assets_measured_c4292a62,tifrs-notes:InterestIncomeFromFinancialAssetsMeasuredAtAmortisedCost_n,（本季）
nonoperating_income_expense_detail_xbrl,NonoperatingIncomeExpenseDetailXbrl,interestIncomeFromFinancialAssetsMeasuredAtAmortisedCostNYtd,interest_income_from_financial_assets_measured_4392e527,tifrs-notes:InterestIncomeFromFinancialAssetsMeasuredAtAmortisedCost_n,（累計年初至今）
nonoperating_income_expense_detail_xbrl,NonoperatingIncomeExpenseDetailXbrl,otherInterestIncomeNQuarter,other_interest_income_nquarter,tifrs-notes:OtherInterestIncome_n,（本季）
nonoperating_income_expense_detail_xbrl,NonoperatingIncomeExpenseDetailXbrl,otherInterestIncomeNYtd,other_interest_income_nytd,tifrs-notes:OtherInterestIncome_n,（累計年初至今）
nonoperating_income_expense_detail_xbrl,NonoperatingIncomeExpenseDetailXbrl,rentIncomeNQuarter,rent_income_nquarter,tifrs-notes:RentIncome_n,（本季）
nonoperating_income_expense_detail_xbrl,NonoperatingIncomeExpenseDetailXbrl,rentIncomeNYtd,rent_income_nytd,tifrs-notes:RentIncome_n,（累計年初至今）
nonoperating_income_expense_detail_xbrl,NonoperatingIncomeExpenseDetailXbrl,interestIncomeNQuarter,interest_income_nquarter,tifrs-notes:InterestIncome_n,（本季）
nonoperating_income_expense_detail_xbrl,NonoperatingIncomeExpenseDetailXbrl,interestIncomeNYtd,interest_income_nytd,tifrs-notes:InterestIncome_n,（累計年初至今）
nonoperating_income_expense_detail_xbrl,NonoperatingIncomeExpenseDetailXbrl,dividendIncomeNQuarter,dividend_income_nquarter,tifrs-notes:DividendIncome_n,（本季）
nonoperating_income_expense_detail_xbrl,NonoperatingIncomeExpenseDetailXbrl,dividendIncomeNYtd,dividend_income_nytd,tifrs-notes:DividendIncome_n,（累計年初至今）
nonoperating_income_expense_detail_xbrl,NonoperatingIncomeExpenseDetailXbrl,gainRecognisedInBargainPurchaseTransactionNQuarter,gain_recognised_in_bargain_purchase_transactio_71db0eaf,tifrs-notes:GainRecognisedInBargainPurchaseTransaction_n,（本季）
nonoperating_income_expense_detail_xbrl,NonoperatingIncomeExpenseDetailXbrl,gainRecognisedInBargainPurchaseTransactionNYtd,gain_recognised_in_bargain_purchase_transaction_nytd,tifrs-notes:GainRecognisedInBargainPurchaseTransaction_n,（累計年初至今）
nonoperating_income_expense_detail_xbrl,NonoperatingIncomeExpenseDetailXbrl,otherIncomeOthersNQuarter,other_income_others_nquarter,tifrs-notes:OtherIncomeOthers_n,（本季）
nonoperating_income_expense_detail_xbrl,NonoperatingIncomeExpenseDetailXbrl,otherIncomeOthersNYtd,other_income_others_nytd,tifrs-notes:OtherIncomeOthers_n,（累計年初至今）
nonoperating_income_expense_detail_xbrl,NonoperatingIncomeExpenseDetailXbrl,otherIncomeNQuarter,other_income_nquarter,tifrs-notes:OtherIncome_n,（本季）
nonoperating_income_expense_detail_xbrl,NonoperatingIncomeExpenseDetailXbrl,otherIncomeNYtd,other_income_nytd,tifrs-notes:OtherIncome_n,（累計年初至今）
nonoperating_income_expense_detail_xbrl,NonoperatingIncomeExpenseDetailXbrl,gainsLossesOnDisposalsOfPropertyPlantAndEquipmentNQuarter,gains_losses_on_disposals_of_property_plant_an_33d466da,tifrs-notes:GainsLossesOnDisposalsOfPropertyPlantAndEquipment_n,（本季）
nonoperating_income_expense_detail_xbrl,NonoperatingIncomeExpenseDetailXbrl,gainsLossesOnDisposalsOfPropertyPlantAndEquipmentNYtd,gains_losses_on_disposals_of_property_plant_an_e0007f0b,tifrs-notes:GainsLossesOnDisposalsOfPropertyPlantAndEquipment_n,（累計年初至今）
nonoperating_income_expense_detail_xbrl,NonoperatingIncomeExpenseDetailXbrl,gainsLossesOnDisposalsOfInvestmentsNQuarter,gains_losses_on_disposals_of_investments_nquarter,tifrs-notes:GainsLossesOnDisposalsOfInvestments_n,（本季）
nonoperating_income_expense_detail_xbrl,NonoperatingIncomeExpenseDetailXbrl,gainsLossesOnDisposalsOfInvestmentsNYtd,gains_losses_on_disposals_of_investments_nytd,tifrs-notes:GainsLossesOnDisposalsOfInvestments_n,（累計年初至今）
nonoperating_income_expense_detail_xbrl,NonoperatingIncomeExpenseDetailXbrl,foreignExchangeGainsLossesNQuarter,foreign_exchange_gains_losses_nquarter,tifrs-notes:ForeignExchangeGainsLosses_n,（本季）
nonoperating_income_expense_detail_xbrl,NonoperatingIncomeExpenseDetailXbrl,foreignExchangeGainsLossesNYtd,foreign_exchange_gains_losses_nytd,tifrs-notes:ForeignExchangeGainsLosses_n,（累計年初至今）
nonoperating_income_expense_detail_xbrl,NonoperatingIncomeExpenseDetailXbrl,gainsLossesOnFinancialAssetsOrLiabilitiesAtFairValueThroughProfitOrLossNQuarter,gains_losses_on_financial_assets_or_liabilitie_1e64ed65,tifrs-notes:GainsLossesOnFinancialAssetsOrLiabilitiesAtFairValueThroughProfitOrLoss_n,（本季）
nonoperating_income_expense_detail_xbrl,NonoperatingIncomeExpenseDetailXbrl,gainsLossesOnFinancialAssetsOrLiabilitiesAtFairValueThroughProfitOrLossNYtd,gains_losses_on_financial_assets_or_liabilitie_ca6d8254,tifrs-notes:GainsLossesOnFinancialAssetsOrLiabilitiesAtFairValueThroughProfitOrLoss_n,（累計年初至今）
nonoperating_income_expense_detail_xbrl,NonoperatingIncomeExpenseDetailXbrl,miscellaneousDisbursementsNQuarter,miscellaneous_disbursements_nquarter,tifrs-notes:MiscellaneousDisbursements_n,（本季）
nonoperating_income_expense_detail_xbrl,NonoperatingIncomeExpenseDetailXbrl,miscellaneousDisbursementsNYtd,miscellaneous_disbursements_nytd,tifrs-notes:MiscellaneousDisbursements_n,（累計年初至今）
nonoperating_income_expense_detail_xbrl,NonoperatingIncomeExpenseDetailXbrl,otherGainsAndLossesOthersNQuarter,other_gains_and_losses_others_nquarter,tifrs-notes:OtherGainsAndLossesOthers_n,（本季）
nonoperating_income_expense_detail_xbrl,NonoperatingIncomeExpenseDetailXbrl,otherGainsAndLossesOthersNYtd,other_gains_and_losses_others_nytd,tifrs-notes:OtherGainsAndLossesOthers_n,（累計年初至今）
nonoperating_income_expense_detail_xbrl,NonoperatingIncomeExpenseDetailXbrl,otherGainsAndLossesNQuarter,other_gains_and_losses_nquarter,tifrs-notes:OtherGainsAndLosses_n,（本季）
nonoperating_income_expense_detail_xbrl,NonoperatingIncomeExpenseDetailXbrl,otherGainsAndLossesNYtd,other_gains_and_losses_nytd,tifrs-notes:OtherGainsAndLosses_n,（累計年初至今）
nonoperating_income_expense_detail_xbrl,NonoperatingIncomeExpenseDetailXbrl,otherFinanceCostsNQuarter,other_finance_costs_nquarter,tifrs-notes:OtherFinanceCosts_n,（本季）
nonoperating_income_expense_detail_xbrl,NonoperatingIncomeExpenseDetailXbrl,otherFinanceCostsNYtd,other_finance_costs_nytd,tifrs-notes:OtherFinanceCosts_n,（累計年初至今）
nonoperating_income_expense_detail_xbrl,NonoperatingIncomeExpenseDetailXbrl,financeCostsNQuarter,finance_costs_nquarter,tifrs-notes:FinanceCosts_n,（本季）
nonoperating_income_expense_detail_xbrl,NonoperatingIncomeExpenseDetailXbrl,financeCostsNYtd,finance_costs_nytd,tifrs-notes:FinanceCosts_n,（累計年初至今）
nonoperating_income_expense_detail_xbrl,NonoperatingIncomeExpenseDetailXbrl,rawContextRef,raw_context_ref,,
nonoperating_income_expense_detail_xbrl,NonoperatingIncomeExpenseDetailXbrl,createdAt,created_at,,
nonoperating_income_expense_detail_xbrl,NonoperatingIncomeExpenseDetailXbrl,updatedAt,updated_at,,
eligible_capital_composition_xbrl,EligibleCapitalCompositionXbrl,symbol,symbol,,
eligible_capital_composition_xbrl,EligibleCapitalCompositionXbrl,year,year,,
eligible_capital_composition_xbrl,EligibleCapitalCompositionXbrl,quarter,quarter,,
eligible_capital_composition_xbrl,EligibleCapitalCompositionXbrl,dataType,data_type,,
eligible_capital_composition_xbrl,EligibleCapitalCompositionXbrl,subsidiaryCompanyId,subsidiary_company_id,,
eligible_capital_composition_xbrl,EligibleCapitalCompositionXbrl,reportDate,report_date,,
eligible_capital_composition_xbrl,EligibleCapitalCompositionXbrl,ordinaryShare,ordinary_share,tifrs-notes:OrdinaryShare,
eligible_capital_composition_xbrl,EligibleCapitalCompositionXbrl,equityInstrumentsWhichComplyWithEligibleTierICapital,equity_instruments_comply_with_eligible_tier_i,tifrs-notes:EquityInstrumentsWhichComplyWithEligibleTierICapital,
eligible_capital_composition_xbrl,EligibleCapitalCompositionXbrl,otherPreferredStocksAndSubordinatedBonds,other_preferred_stocks_and_subordinated_bonds,tifrs-notes:OtherPreferredStocksAndSubordinatedBonds,
eligible_capital_composition_xbrl,EligibleCapitalCompositionXbrl,advancedReceiptsForCapitalStock,advanced_receipts_for_capital_stock,tifrs-notes:AdvancedReceiptsForCapitalStock,
eligible_capital_composition_xbrl,EligibleCapitalCompositionXbrl,capitalSurplus,capital_surplus,tifrs-notes:CapitalSurplus,
eligible_capital_composition_xbrl,EligibleCapitalCompositionXbrl,legalReserve,legal_reserve,tifrs-notes:LegalReserve,
eligible_capital_composition_xbrl,EligibleCapitalCompositionXbrl,specialReserve,special_reserve,tifrs-notes:SpecialReserve,
eligible_capital_composition_xbrl,EligibleCapitalCompositionXbrl,retainedEarnings,retained_earnings,tifrs-notes:RetainedEarnings,
eligible_capital_composition_xbrl,EligibleCapitalCompositionXbrl,equityAdjustments,equity_adjustments,tifrs-notes:EquityAdjustments,
eligible_capital_composition_xbrl,EligibleCapitalCompositionXbrl,lessDeduction,less_deduction,tifrs-notes:LessDeduction,
eligible_capital_composition_xbrl,EligibleCapitalCompositionXbrl,totalEligibleCapital,total_eligible_capital,tifrs-notes:TotalEligibleCapital,
eligible_capital_composition_xbrl,EligibleCapitalCompositionXbrl,rawContextRef,raw_context_ref,,
eligible_capital_composition_xbrl,EligibleCapitalCompositionXbrl,createdAt,created_at,,
eligible_capital_composition_xbrl,EligibleCapitalCompositionXbrl,updatedAt,updated_at,,
bank_balance_sheet_detail_xbrl,BankBalanceSheetDetailXbrl,symbol,symbol,,
bank_balance_sheet_detail_xbrl,BankBalanceSheetDetailXbrl,year,year,,
bank_balance_sheet_detail_xbrl,BankBalanceSheetDetailXbrl,quarter,quarter,,
bank_balance_sheet_detail_xbrl,BankBalanceSheetDetailXbrl,dataType,data_type,,
bank_balance_sheet_detail_xbrl,BankBalanceSheetDetailXbrl,subsidiaryCompanyId,subsidiary_company_id,,
bank_balance_sheet_detail_xbrl,BankBalanceSheetDetailXbrl,reportDate,report_date,,
bank_balance_sheet_detail_xbrl,BankBalanceSheetDetailXbrl,accruedIncome,accrued_income,ifrs-full:AccruedIncome,
bank_balance_sheet_detail_xbrl,BankBalanceSheetDetailXbrl,additionalPaidinCapital,additional_paidin_capital,ifrs-full:AdditionalPaidinCapital,
bank_balance_sheet_detail_xbrl,BankBalanceSheetDetailXbrl,buildings,buildings,ifrs-full:Buildings,
bank_balance_sheet_detail_xbrl,BankBalanceSheetDetailXbrl,cashOnHand,cash_on_hand,ifrs-full:CashOnHand,
bank_balance_sheet_detail_xbrl,BankBalanceSheetDetailXbrl,computerSoftware,computer_software,ifrs-full:ComputerSoftware,
bank_balance_sheet_detail_xbrl,BankBalanceSheetDetailXbrl,constructionInProgress,construction_in_progress,ifrs-full:ConstructionInProgress,
bank_balance_sheet_detail_xbrl,BankBalanceSheetDetailXbrl,currentTaxAssets,current_tax_assets,ifrs-full:CurrentTaxAssets,
bank_balance_sheet_detail_xbrl,BankBalanceSheetDetailXbrl,depositsFromBanks,deposits_from_banks,ifrs-full:DepositsFromBanks,
bank_balance_sheet_detail_xbrl,BankBalanceSheetDetailXbrl,depositsFromCustomers,deposits_from_customers,ifrs-full:DepositsFromCustomers,
bank_balance_sheet_detail_xbrl,BankBalanceSheetDetailXbrl,dividendPayables,dividend_payables,ifrs-full:DividendPayables,
bank_balance_sheet_detail_xbrl,BankBalanceSheetDetailXbrl,equityAndLiabilities,equity_and_liabilities,ifrs-full:EquityAndLiabilities,
bank_balance_sheet_detail_xbrl,BankBalanceSheetDetailXbrl,fairValueOfInvestmentsInEquityInstrumentsDesignatedAsMeasuredAtFairValueThroughOtherComprehensiveIncome,fair_value_of_investments_in_equity_instruments__9c69ab,ifrs-full:FairValueOfInvestmentsInEquityInstrumentsDesignatedAsMeasuredAtFairValueThroughOtherComprehensiveIncome,
bank_balance_sheet_detail_xbrl,BankBalanceSheetDetailXbrl,financialAssetsAtAmortisedCost,financial_assets_at_amortised_cost,ifrs-full:FinancialAssetsAtAmortisedCost,
bank_balance_sheet_detail_xbrl,BankBalanceSheetDetailXbrl,financialAssetsAtFairValueThroughOtherComprehensiveIncome,financial_assets_at_fair_value_through_other_com_b3340d,ifrs-full:FinancialAssetsAtFairValueThroughOtherComprehensiveIncome,
bank_balance_sheet_detail_xbrl,BankBalanceSheetDetailXbrl,financialAssetsAtFairValueThroughProfitOrLoss,financial_assets_at_fair_value_through_profit_or_loss,ifrs-full:FinancialAssetsAtFairValueThroughProfitOrLoss,
bank_balance_sheet_detail_xbrl,BankBalanceSheetDetailXbrl,financialAssetsAtFairValueThroughProfitOrLossMandatorilyMeasuredAtFairValue,financial_assets_at_fair_value_through_profit_or_3ba814,ifrs-full:FinancialAssetsAtFairValueThroughProfitOrLossMandatorilyMeasuredAtFairValue,
bank_balance_sheet_detail_xbrl,BankBalanceSheetDetailXbrl,financialLiabilitiesAtFairValueThroughProfitOrLoss,financial_liabilities_at_fair_value_through_prof_4b099d,ifrs-full:FinancialLiabilitiesAtFairValueThroughProfitOrLoss,
bank_balance_sheet_detail_xbrl,BankBalanceSheetDetailXbrl,financialLiabilitiesAtFairValueThroughProfitOrLossClassifiedAsHeldForTrading,financial_liabilities_at_fair_value_through_prof_11a42b,ifrs-full:FinancialLiabilitiesAtFairValueThroughProfitOrLossClassifiedAsHeldForTrading,
bank_balance_sheet_detail_xbrl,BankBalanceSheetDetailXbrl,interestReceivable,interest_receivable,ifrs-full:InterestReceivable,
bank_balance_sheet_detail_xbrl,BankBalanceSheetDetailXbrl,land,land,ifrs-full:Land,
bank_balance_sheet_detail_xbrl,BankBalanceSheetDetailXbrl,machinery,machinery,ifrs-full:Machinery,
bank_balance_sheet_detail_xbrl,BankBalanceSheetDetailXbrl,motorVehicles,motor_vehicles,ifrs-full:MotorVehicles,
bank_balance_sheet_detail_xbrl,BankBalanceSheetDetailXbrl,otherAssets,other_assets,ifrs-full:OtherAssets,
bank_balance_sheet_detail_xbrl,BankBalanceSheetDetailXbrl,otherFinancialAssets,other_financial_assets,ifrs-full:OtherFinancialAssets,
bank_balance_sheet_detail_xbrl,BankBalanceSheetDetailXbrl,otherFinancialLiabilities,other_financial_liabilities,ifrs-full:OtherFinancialLiabilities,
bank_balance_sheet_detail_xbrl,BankBalanceSheetDetailXbrl,otherLiabilities,other_liabilities,ifrs-full:OtherLiabilities,
bank_balance_sheet_detail_xbrl,BankBalanceSheetDetailXbrl,provisionForDecommissioningRestorationAndRehabilitationCosts,provision_for_decommissioning_restoration_and_re_2f8e88,ifrs-full:ProvisionForDecommissioningRestorationAndRehabilitationCosts,
bank_balance_sheet_detail_xbrl,BankBalanceSheetDetailXbrl,provisions,provisions,ifrs-full:Provisions,
bank_balance_sheet_detail_xbrl,BankBalanceSheetDetailXbrl,provisionsForEmployeeBenefits,provisions_for_employee_benefits,ifrs-full:ProvisionsForEmployeeBenefits,
bank_balance_sheet_detail_xbrl,BankBalanceSheetDetailXbrl,reserveOfExchangeDifferencesOnTranslation,reserve_of_exchange_differences_on_translation,ifrs-full:ReserveOfExchangeDifferencesOnTranslation,
bank_balance_sheet_detail_xbrl,BankBalanceSheetDetailXbrl,reserveOfGainsAndLossesFromInvestmentsInEquityInstruments,reserve_of_gains_and_losses_from_investments_in__e6b02b,ifrs-full:ReserveOfGainsAndLossesFromInvestmentsInEquityInstruments,
bank_balance_sheet_detail_xbrl,BankBalanceSheetDetailXbrl,tradeAndOtherPayables,trade_and_other_payables,ifrs-full:TradeAndOtherPayables,
bank_balance_sheet_detail_xbrl,BankBalanceSheetDetailXbrl,dueFromTheCentralBankAndCallLoansToBanksQualifyingForCashAndCashEquivalentsUnderTheDefinitionOfIAS7,due_from_the_central_bank_and_call_loans_to_bank_30525c,tifrs-SCF:DueFromTheCentralBankAndCallLoansToBanksQualifyingForCashAndCashEquivalentsUnderTheDefinitionOfIAS7,
bank_balance_sheet_detail_xbrl,BankBalanceSheetDetailXbrl,acceptances,acceptances,tifrs-bsci-basi:Acceptances,
bank_balance_sheet_detail_xbrl,BankBalanceSheetDetailXbrl,acceptancesReceivable,acceptances_receivable,tifrs-bsci-basi:AcceptancesReceivable,
bank_balance_sheet_detail_xbrl,BankBalanceSheetDetailXbrl,accountsPayable,accounts_payable,tifrs-bsci-basi:AccountsPayable,
bank_balance_sheet_detail_xbrl,BankBalanceSheetDetailXbrl,accountsPayableFactoring,accounts_payable_factoring,tifrs-bsci-basi:AccountsPayableFactoring,
bank_balance_sheet_detail_xbrl,BankBalanceSheetDetailXbrl,accountsPayableForSettlements,accounts_payable_for_settlements,tifrs-bsci-basi:AccountsPayableForSettlements,
bank_balance_sheet_detail_xbrl,BankBalanceSheetDetailXbrl,accountsReceivable,accounts_receivable,tifrs-bsci-basi:AccountsReceivable,
bank_balance_sheet_detail_xbrl,BankBalanceSheetDetailXbrl,accountsReceivableFactoringWithoutRecourse,accounts_receivable_factoring_without_recourse,tifrs-bsci-basi:AccountsReceivableFactoringWithoutRecourse,
bank_balance_sheet_detail_xbrl,BankBalanceSheetDetailXbrl,accountsReceivableFinancing,accounts_receivable_financing,tifrs-bsci-basi:AccountsReceivableFinancing,
bank_balance_sheet_detail_xbrl,BankBalanceSheetDetailXbrl,accountsReceivableForSettlements,accounts_receivable_for_settlements,tifrs-bsci-basi:AccountsReceivableForSettlements,
bank_balance_sheet_detail_xbrl,BankBalanceSheetDetailXbrl,accruedExpenses,accrued_expenses,tifrs-bsci-basi:AccruedExpenses,
bank_balance_sheet_detail_xbrl,BankBalanceSheetDetailXbrl,accruedInterests,accrued_interests,tifrs-bsci-basi:AccruedInterests,
bank_balance_sheet_detail_xbrl,BankBalanceSheetDetailXbrl,accumulatedChangesInFairValueInvestmentProperty,accumulated_changes_in_fair_value_investment_property,tifrs-bsci-basi:AccumulatedChangesInFairValueInvestmentProperty,
bank_balance_sheet_detail_xbrl,BankBalanceSheetDetailXbrl,accumulatedDepreciationBuildingsAndStructures,accumulated_depreciation_buildings_and_structures,tifrs-bsci-basi:AccumulatedDepreciationBuildingsAndStructures,
bank_balance_sheet_detail_xbrl,BankBalanceSheetDetailXbrl,accumulatedDepreciationInvestmentProperty,accumulated_depreciation_investment_property,tifrs-bsci-basi:AccumulatedDepreciationInvestmentProperty,
bank_balance_sheet_detail_xbrl,BankBalanceSheetDetailXbrl,accumulatedDepreciationLeaseholdImprovements,accumulated_depreciation_leasehold_improvements,tifrs-bsci-basi:AccumulatedDepreciationLeaseholdImprovements,
bank_balance_sheet_detail_xbrl,BankBalanceSheetDetailXbrl,accumulatedDepreciationMachineryAndComputerEquipment,accumulated_depreciation_machinery_and_computer__2f9ad9,tifrs-bsci-basi:AccumulatedDepreciationMachineryAndComputerEquipment,
bank_balance_sheet_detail_xbrl,BankBalanceSheetDetailXbrl,accumulatedDepreciationMiscellaneousEquipment,accumulated_depreciation_miscellaneous_equipment,tifrs-bsci-basi:AccumulatedDepreciationMiscellaneousEquipment,
bank_balance_sheet_detail_xbrl,BankBalanceSheetDetailXbrl,accumulatedDepreciationRightOfUseAssets,accumulated_depreciation_right_of_use_assets,tifrs-bsci-basi:AccumulatedDepreciationRightOfUseAssets,
bank_balance_sheet_detail_xbrl,BankBalanceSheetDetailXbrl,accumulatedDepreciationTransportationAndCommunicationEquipment,accumulated_depreciation_transportation_and_comm_1235b1,tifrs-bsci-basi:AccumulatedDepreciationTransportationAndCommunicationEquipment,
bank_balance_sheet_detail_xbrl,BankBalanceSheetDetailXbrl,accumulatedEarnings,accumulated_earnings,tifrs-bsci-basi:AccumulatedEarnings,
bank_balance_sheet_detail_xbrl,BankBalanceSheetDetailXbrl,accumulatedImpairmentCollaterals,accumulated_impairment_collaterals,tifrs-bsci-basi:AccumulatedImpairmentCollaterals,
bank_balance_sheet_detail_xbrl,BankBalanceSheetDetailXbrl,accumulatedImpairmentInvestmentsInDebtInstrumentsAtAmortisedCost,accumulated_impairment_investments_in_debt_instr_3d4710,tifrs-bsci-basi:AccumulatedImpairmentInvestmentsInDebtInstrumentsAtAmortisedCost,
bank_balance_sheet_detail_xbrl,BankBalanceSheetDetailXbrl,adjustmentsForChangeInValueOfFinancialAssetsAtFairValueThroughProfitOrLossMandatorilyMeasuredAtFairValue,adjustments_for_change_in_value_of_financial_ass_471de4,tifrs-bsci-basi:AdjustmentsForChangeInValueOfFinancialAssetsAtFairValueThroughProfitOrLossMandatorilyMeasuredAtFairValue,
bank_balance_sheet_detail_xbrl,BankBalanceSheetDetailXbrl,adjustmentsForChangeInValueOfFinancialLiabilitiesHeldForTrading,adjustments_for_change_in_value_of_financial_lia_ad04c0,tifrs-bsci-basi:AdjustmentsForChangeInValueOfFinancialLiabilitiesHeldForTrading,
bank_balance_sheet_detail_xbrl,BankBalanceSheetDetailXbrl,adjustmentsForChangeInValueOfInvestmentsInDebtInstrumentsDesignatedAtFairValueThroughOtherComprehensiveIncome,adjustments_for_change_in_value_of_investments_i_05bbfc,tifrs-bsci-basi:AdjustmentsForChangeInValueOfInvestmentsInDebtInstrumentsDesignatedAtFairValueThroughOtherComprehensiveIncome,
bank_balance_sheet_detail_xbrl,BankBalanceSheetDetailXbrl,adjustmentsForChangeInValueOfInvestmentsInEquityInstrumentsDesignatedAtFairValueThroughOtherComprehensiveIncome,adjustments_for_change_in_value_of_investments_i_9911b0,tifrs-bsci-basi:AdjustmentsForChangeInValueOfInvestmentsInEquityInstrumentsDesignatedAtFairValueThroughOtherComprehensiveIncome,
bank_balance_sheet_detail_xbrl,BankBalanceSheetDetailXbrl,advanceInterestReceipts,advance_interest_receipts,tifrs-bsci-basi:AdvanceInterestReceipts,
bank_balance_sheet_detail_xbrl,BankBalanceSheetDetailXbrl,allowanceForBadDebtsAcceptancesReceivable,allowance_for_bad_debts_acceptances_receivable,tifrs-bsci-basi:AllowanceForBadDebtsAcceptancesReceivable,
bank_balance_sheet_detail_xbrl,BankBalanceSheetDetailXbrl,allowanceForBadDebtsAccountsReceivable,allowance_for_bad_debts_accounts_receivable,tifrs-bsci-basi:AllowanceForBadDebtsAccountsReceivable,
bank_balance_sheet_detail_xbrl,BankBalanceSheetDetailXbrl,allowanceForBadDebtsAccountsReceivableFactoringWithoutRecourse,allowance_for_bad_debts_accounts_receivable_fact_53c1f9,tifrs-bsci-basi:AllowanceForBadDebtsAccountsReceivableFactoringWithoutRecourse,
bank_balance_sheet_detail_xbrl,BankBalanceSheetDetailXbrl,allowanceForBadDebtsAccruedIncomes,allowance_for_bad_debts_accrued_incomes,tifrs-bsci-basi:AllowanceForBadDebtsAccruedIncomes,
bank_balance_sheet_detail_xbrl,BankBalanceSheetDetailXbrl,allowanceForBadDebtsCreditCardsAccountsReceivable,allowance_for_bad_debts_credit_cards_accounts_re_8e9860,tifrs-bsci-basi:AllowanceForBadDebtsCreditCardsAccountsReceivable,
bank_balance_sheet_detail_xbrl,BankBalanceSheetDetailXbrl,allowanceForBadDebtsDiscountsAndLoans,allowance_for_bad_debts_discounts_and_loans,tifrs-bsci-basi:AllowanceForBadDebtsDiscountsAndLoans,
bank_balance_sheet_detail_xbrl,BankBalanceSheetDetailXbrl,allowanceForBadDebtsDueFromBanks,allowance_for_bad_debts_due_from_banks,tifrs-bsci-basi:AllowanceForBadDebtsDueFromBanks,
bank_balance_sheet_detail_xbrl,BankBalanceSheetDetailXbrl,allowanceForBadDebtsExchangeBillsNegotiated,allowance_for_bad_debts_exchange_bills_negotiated,tifrs-bsci-basi:AllowanceForBadDebtsExchangeBillsNegotiated,
bank_balance_sheet_detail_xbrl,BankBalanceSheetDetailXbrl,allowanceForBadDebtsInterestsReceivable,allowance_for_bad_debts_interests_receivable,tifrs-bsci-basi:AllowanceForBadDebtsInterestsReceivable,
bank_balance_sheet_detail_xbrl,BankBalanceSheetDetailXbrl,allowanceForBadDebtsOtherReceivables,allowance_for_bad_debts_other_receivables,tifrs-bsci-basi:AllowanceForBadDebtsOtherReceivables,
bank_balance_sheet_detail_xbrl,BankBalanceSheetDetailXbrl,allowanceForBadDebtsOverdueReceivable,allowance_for_bad_debts_overdue_receivable,tifrs-bsci-basi:AllowanceForBadDebtsOverdueReceivable,
bank_balance_sheet_detail_xbrl,BankBalanceSheetDetailXbrl,allowanceForPossibleLossCallLoansToBanks,allowance_for_possible_loss_call_loans_to_banks,tifrs-bsci-basi:AllowanceForPossibleLossCallLoansToBanks,
bank_balance_sheet_detail_xbrl,BankBalanceSheetDetailXbrl,annuitySavingsDeposits,annuity_savings_deposits,tifrs-bsci-basi:AnnuitySavingsDeposits,
bank_balance_sheet_detail_xbrl,BankBalanceSheetDetailXbrl,appropriationsForLoans,appropriations_for_loans,tifrs-bsci-basi:AppropriationsForLoans,
bank_balance_sheet_detail_xbrl,BankBalanceSheetDetailXbrl,bankNotesPayable,bank_notes_payable,tifrs-bsci-basi:BankNotesPayable,
bank_balance_sheet_detail_xbrl,BankBalanceSheetDetailXbrl,bankNotesPayableBankNotesPayable,bank_notes_payable_bank_notes_payable,tifrs-bsci-basi:BankNotesPayable-BankNotesPayable,
bank_balance_sheet_detail_xbrl,BankBalanceSheetDetailXbrl,billsAndNotesDiscounted,bills_and_notes_discounted,tifrs-bsci-basi:BillsAndNotesDiscounted,
bank_balance_sheet_detail_xbrl,BankBalanceSheetDetailXbrl,businessTaxCarryForward,business_tax_carry_forward,tifrs-bsci-basi:BusinessTaxCarryForward,
bank_balance_sheet_detail_xbrl,BankBalanceSheetDetailXbrl,businessTaxPaid,business_tax_paid,tifrs-bsci-basi:BusinessTaxPaid,
bank_balance_sheet_detail_xbrl,BankBalanceSheetDetailXbrl,businessTaxReceived,business_tax_received,tifrs-bsci-basi:BusinessTaxReceived,
bank_balance_sheet_detail_xbrl,BankBalanceSheetDetailXbrl,callLoansFromBanksCredit,call_loans_from_banks_credit,tifrs-bsci-basi:CallLoansFromBanksCredit,
bank_balance_sheet_detail_xbrl,BankBalanceSheetDetailXbrl,callLoansToBanksDebit,call_loans_to_banks_debit,tifrs-bsci-basi:CallLoansToBanksDebit,
bank_balance_sheet_detail_xbrl,BankBalanceSheetDetailXbrl,cashiersChecks,cashiers_checks,tifrs-bsci-basi:CashiersChecks,
bank_balance_sheet_detail_xbrl,BankBalanceSheetDetailXbrl,certifiedCashiersChecks,certified_cashiers_checks,tifrs-bsci-basi:CertifiedCashiersChecks,
bank_balance_sheet_detail_xbrl,BankBalanceSheetDetailXbrl,checkingAccountDeposits,checking_account_deposits,tifrs-bsci-basi:CheckingAccountDeposits,
bank_balance_sheet_detail_xbrl,BankBalanceSheetDetailXbrl,checksForClearing,checks_for_clearing,tifrs-bsci-basi:ChecksForClearing,
bank_balance_sheet_detail_xbrl,BankBalanceSheetDetailXbrl,clubSavingsDeposits,club_savings_deposits,tifrs-bsci-basi:ClubSavingsDeposits,
bank_balance_sheet_detail_xbrl,BankBalanceSheetDetailXbrl,collaterals,collaterals,tifrs-bsci-basi:Collaterals,
bank_balance_sheet_detail_xbrl,BankBalanceSheetDetailXbrl,collectionPayable,collection_payable,tifrs-bsci-basi:CollectionPayable,
bank_balance_sheet_detail_xbrl,BankBalanceSheetDetailXbrl,commonStock,common_stock,tifrs-bsci-basi:CommonStock,
bank_balance_sheet_detail_xbrl,BankBalanceSheetDetailXbrl,creditCardsAccountsReceivable,credit_cards_accounts_receivable,tifrs-bsci-basi:CreditCardsAccountsReceivable,
bank_balance_sheet_detail_xbrl,BankBalanceSheetDetailXbrl,currentProfitLoss,current_profit_loss,tifrs-bsci-basi:CurrentProfitLoss,
bank_balance_sheet_detail_xbrl,BankBalanceSheetDetailXbrl,deferredRevenue,deferred_revenue,tifrs-bsci-basi:DeferredRevenue,
bank_balance_sheet_detail_xbrl,BankBalanceSheetDetailXbrl,deferredTaxAssetsDeferredTaxAssets,deferred_tax_assets_deferred_tax_assets,tifrs-bsci-basi:DeferredTaxAssets-DeferredTaxAssets,
bank_balance_sheet_detail_xbrl,BankBalanceSheetDetailXbrl,deferredTaxLiabilitiesIncomeTax,deferred_tax_liabilities_income_tax,tifrs-bsci-basi:DeferredTaxLiabilitiesIncomeTax,
bank_balance_sheet_detail_xbrl,BankBalanceSheetDetailXbrl,deferredTaxLiabilitiesLandValueIncrementTax,deferred_tax_liabilities_land_value_increment_tax,tifrs-bsci-basi:DeferredTaxLiabilitiesLandValueIncrementTax,
bank_balance_sheet_detail_xbrl,BankBalanceSheetDetailXbrl,deferredTaxLiabilitiesOthers,deferred_tax_liabilities_others,tifrs-bsci-basi:DeferredTaxLiabilitiesOthers,
bank_balance_sheet_detail_xbrl,BankBalanceSheetDetailXbrl,demandDeposits,demand_deposits,tifrs-bsci-basi:DemandDeposits,
bank_balance_sheet_detail_xbrl,BankBalanceSheetDetailXbrl,depositsFromBanksDetail,deposits_from_banks_detail,tifrs-bsci-basi:DepositsFromBanks,
bank_balance_sheet_detail_xbrl,BankBalanceSheetDetailXbrl,depositsFromTheCentralBank,deposits_from_the_central_bank,tifrs-bsci-basi:DepositsFromTheCentralBank,
bank_balance_sheet_detail_xbrl,BankBalanceSheetDetailXbrl,depositsReceivedFromSecuritiesBorrowers,deposits_received_from_securities_borrowers,tifrs-bsci-basi:DepositsReceivedFromSecuritiesBorrowers,
bank_balance_sheet_detail_xbrl,BankBalanceSheetDetailXbrl,depositsTransferredFromChunghwaPostCoLtd,deposits_transferred_from_chunghwa_post_co_ltd,tifrs-bsci-basi:DepositsTransferredFromChunghwaPostCoLtd,
bank_balance_sheet_detail_xbrl,BankBalanceSheetDetailXbrl,depositsTransferredToCentralBank,deposits_transferred_to_central_bank,tifrs-bsci-basi:DepositsTransferredToCentralBank,
bank_balance_sheet_detail_xbrl,BankBalanceSheetDetailXbrl,discountsAndLoansNet,discounts_and_loans_net,tifrs-bsci-basi:DiscountsAndLoansNet,
bank_balance_sheet_detail_xbrl,BankBalanceSheetDetailXbrl,disposalGainsLossesFromInvestmentsInEquityInstrumentsMeasuredAtFairValueThroughOtherComprehensiveIncome,disposal_gains_losses_from_investments_in_equity_9968d2,tifrs-bsci-basi:DisposalGainsLossesFromInvestmentsInEquityInstrumentsMeasuredAtFairValueThroughOtherComprehensiveIncome,
bank_balance_sheet_detail_xbrl,BankBalanceSheetDetailXbrl,dividendsReceivable,dividends_receivable,tifrs-bsci-basi:DividendsReceivable,
bank_balance_sheet_detail_xbrl,BankBalanceSheetDetailXbrl,donationSurplus,donation_surplus,tifrs-bsci-basi:DonationSurplus,
bank_balance_sheet_detail_xbrl,BankBalanceSheetDetailXbrl,dueFromBanksDebit,due_from_banks_debit,tifrs-bsci-basi:DueFromBanks-Debit,
bank_balance_sheet_detail_xbrl,BankBalanceSheetDetailXbrl,dueFromTheCentralBankDepositsFromTheCentralBankAndBanks,due_from_the_central_bank_deposits_from_the_cent_ea2a6d,tifrs-bsci-basi:DueFromTheCentralBank-DepositsFromTheCentralBankAndBanks,
bank_balance_sheet_detail_xbrl,BankBalanceSheetDetailXbrl,dueFromTheCentralBankDueFromTheCentralBankAndCallLoansToBanks,due_from_the_central_bank_due_from_the_central_b_b7a79a,tifrs-bsci-basi:DueFromTheCentralBank-DueFromTheCentralBankAndCallLoansToBanks,
bank_balance_sheet_detail_xbrl,BankBalanceSheetDetailXbrl,dueFromTheCentralBankAndCallLoansToBanks,due_from_the_central_bank_and_call_loans_to_banks,tifrs-bsci-basi:DueFromTheCentralBankAndCallLoansToBanks,
bank_balance_sheet_detail_xbrl,BankBalanceSheetDetailXbrl,equivalentIssuedSharesOfAdvanceReceiptsForCommonStockUnitShare,equivalent_issued_shares_of_advance_receipts_for_cbfeb9,tifrs-bsci-basi:EquivalentIssuedSharesOfAdvanceReceiptsForCommonStockUnitShare,
bank_balance_sheet_detail_xbrl,BankBalanceSheetDetailXbrl,exchangeBillsNegotiated,exchange_bills_negotiated,tifrs-bsci-basi:ExchangeBillsNegotiated,
bank_balance_sheet_detail_xbrl,BankBalanceSheetDetailXbrl,exportBillsNegotiated,export_bills_negotiated,tifrs-bsci-basi:ExportBillsNegotiated,
bank_balance_sheet_detail_xbrl,BankBalanceSheetDetailXbrl,foreignCurrenciesOnHand,foreign_currencies_on_hand,tifrs-bsci-basi:ForeignCurrenciesOnHand,
bank_balance_sheet_detail_xbrl,BankBalanceSheetDetailXbrl,foreignCurrencyCheckingAccountDeposits,foreign_currency_checking_account_deposits,tifrs-bsci-basi:ForeignCurrencyCheckingAccountDeposits,
bank_balance_sheet_detail_xbrl,BankBalanceSheetDetailXbrl,foreignCurrencyDemandDeposits,foreign_currency_demand_deposits,tifrs-bsci-basi:ForeignCurrencyDemandDeposits,
bank_balance_sheet_detail_xbrl,BankBalanceSheetDetailXbrl,foreignCurrencyTimeDeposits,foreign_currency_time_deposits,tifrs-bsci-basi:ForeignCurrencyTimeDeposits,
bank_balance_sheet_detail_xbrl,BankBalanceSheetDetailXbrl,governmentTreasuryDemandDeposits,government_treasury_demand_deposits,tifrs-bsci-basi:GovernmentTreasuryDemandDeposits,
bank_balance_sheet_detail_xbrl,BankBalanceSheetDetailXbrl,governmentTreasuryTimeDeposits,government_treasury_time_deposits,tifrs-bsci-basi:GovernmentTreasuryTimeDeposits,
bank_balance_sheet_detail_xbrl,BankBalanceSheetDetailXbrl,guaranteeDepositsPaid,guarantee_deposits_paid,tifrs-bsci-basi:GuaranteeDepositsPaid,
bank_balance_sheet_detail_xbrl,BankBalanceSheetDetailXbrl,guaranteeDepositsReceived,guarantee_deposits_received,tifrs-bsci-basi:GuaranteeDepositsReceived,
bank_balance_sheet_detail_xbrl,BankBalanceSheetDetailXbrl,guaranteedPriceDepositsReceivedFromSecuritiesBorrowers,guaranteed_price_deposits_received_from_securiti_2e93fc,tifrs-bsci-basi:GuaranteedPriceDepositsReceivedFromSecuritiesBorrowers,
bank_balance_sheet_detail_xbrl,BankBalanceSheetDetailXbrl,importBillsNegotiated,import_bills_negotiated,tifrs-bsci-basi:ImportBillsNegotiated,
bank_balance_sheet_detail_xbrl,BankBalanceSheetDetailXbrl,incomeTaxesPayable,income_taxes_payable,tifrs-bsci-basi:IncomeTaxesPayable,
bank_balance_sheet_detail_xbrl,BankBalanceSheetDetailXbrl,interestDrawingSavingsDeposits,interest_drawing_savings_deposits,tifrs-bsci-basi:InterestDrawingSavingsDeposits,
bank_balance_sheet_detail_xbrl,BankBalanceSheetDetailXbrl,investmentProperty,investment_property,tifrs-bsci-basi:InvestmentProperty,
bank_balance_sheet_detail_xbrl,BankBalanceSheetDetailXbrl,investmentsInDebtInstrumentsAtAmortisedCostInvestmentsInDebtInstrumentsAtAmortisedCost,investments_in_debt_instruments_at_amortised_cos_484761,tifrs-bsci-basi:InvestmentsInDebtInstrumentsAtAmortisedCost-InvestmentsInDebtInstrumentsAtAmortisedCost,
bank_balance_sheet_detail_xbrl,BankBalanceSheetDetailXbrl,investmentsInDebtInstrumentsDesignatedAtFairValueThroughOtherComprehensiveIncome,investments_in_debt_instruments_designated_at_fa_cee6e9,tifrs-bsci-basi:InvestmentsInDebtInstrumentsDesignatedAtFairValueThroughOtherComprehensiveIncome,
bank_balance_sheet_detail_xbrl,BankBalanceSheetDetailXbrl,leaseLiabilities,lease_liabilities,tifrs-bsci-basi:LeaseLiabilities,
bank_balance_sheet_detail_xbrl,BankBalanceSheetDetailXbrl,leaseLiabilitiesLeaseLiabilities,lease_liabilities_lease_liabilities,tifrs-bsci-basi:LeaseLiabilities-LeaseLiabilities,
bank_balance_sheet_detail_xbrl,BankBalanceSheetDetailXbrl,leaseholdImprovements,leasehold_improvements,tifrs-bsci-basi:LeaseholdImprovements,
bank_balance_sheet_detail_xbrl,BankBalanceSheetDetailXbrl,longtermLoans,longterm_loans,tifrs-bsci-basi:LongtermLoans,
bank_balance_sheet_detail_xbrl,BankBalanceSheetDetailXbrl,longtermSecuredLoans,longterm_secured_loans,tifrs-bsci-basi:LongtermSecuredLoans,
bank_balance_sheet_detail_xbrl,BankBalanceSheetDetailXbrl,lossAllowanceFromInvestmentsInDebtInstrumentsMeasuredAtFairValueThroughOtherComprehensiveIncome,loss_allowance_from_investments_in_debt_instrume_472bbb,tifrs-bsci-basi:LossAllowanceFromInvestmentsInDebtInstrumentsMeasuredAtFairValueThroughOtherComprehensiveIncome,
bank_balance_sheet_detail_xbrl,BankBalanceSheetDetailXbrl,marginLoansReceivable,margin_loans_receivable,tifrs-bsci-basi:MarginLoansReceivable,
bank_balance_sheet_detail_xbrl,BankBalanceSheetDetailXbrl,mediumtermLoans,mediumterm_loans,tifrs-bsci-basi:MediumtermLoans,
bank_balance_sheet_detail_xbrl,BankBalanceSheetDetailXbrl,mediumtermSecuredLoans,mediumterm_secured_loans,tifrs-bsci-basi:MediumtermSecuredLoans,
bank_balance_sheet_detail_xbrl,BankBalanceSheetDetailXbrl,miscellaneousEquipment,miscellaneous_equipment,tifrs-bsci-basi:MiscellaneousEquipment,
bank_balance_sheet_detail_xbrl,BankBalanceSheetDetailXbrl,negotiableCertificatesOfDeposit,negotiable_certificates_of_deposit,tifrs-bsci-basi:NegotiableCertificatesOfDeposit,
bank_balance_sheet_detail_xbrl,BankBalanceSheetDetailXbrl,nondrawingTimeSavingsDeposits,nondrawing_time_savings_deposits,tifrs-bsci-basi:NondrawingTimeSavingsDeposits,
bank_balance_sheet_detail_xbrl,BankBalanceSheetDetailXbrl,notesAndBondsIssuedUnderRepurchaseAgreement,notes_and_bonds_issued_under_repurchase_agreement,tifrs-bsci-basi:NotesAndBondsIssuedUnderRepurchaseAgreement,
bank_balance_sheet_detail_xbrl,BankBalanceSheetDetailXbrl,notesAndBondsIssuedUnderRepurchaseAgreementNotesAndBondsIssuedUnderRepurchaseAgreement,notes_and_bonds_issued_under_repurchase_agreemen_448d3e,tifrs-bsci-basi:NotesAndBondsIssuedUnderRepurchaseAgreement-NotesAndBondsIssuedUnderRepurchaseAgreement,
bank_balance_sheet_detail_xbrl,BankBalanceSheetDetailXbrl,numberOfTreasuryShareAcquiredByTheCompanyAndSubsidiariesUnitShare,number_of_treasury_share_acquired_by_the_company_fc4c4d,tifrs-bsci-basi:NumberOfTreasuryShareAcquiredByTheCompanyAndSubsidiariesUnitShare,
bank_balance_sheet_detail_xbrl,BankBalanceSheetDetailXbrl,operationGuaranteeDepositsAndSettlementFund,operation_guarantee_deposits_and_settlement_fund,tifrs-bsci-basi:OperationGuaranteeDepositsAndSettlementFund,
bank_balance_sheet_detail_xbrl,BankBalanceSheetDetailXbrl,otherAdvanceReceipts,other_advance_receipts,tifrs-bsci-basi:OtherAdvanceReceipts,
bank_balance_sheet_detail_xbrl,BankBalanceSheetDetailXbrl,otherDeferredAssets,other_deferred_assets,tifrs-bsci-basi:OtherDeferredAssets,
bank_balance_sheet_detail_xbrl,BankBalanceSheetDetailXbrl,otherEquityInterestGainsLossesFromInvestmentsInDebtInstrumentsMeasuredAtFairValueThroughOtherComprehensiveIncome,other_equity_interest_gains_losses_from_investme_93959d,tifrs-bsci-basi:OtherEquityInterest-GainsLossesFromInvestmentsInDebtInstrumentsMeasuredAtFairValueThroughOtherComprehensiveIncome,
bank_balance_sheet_detail_xbrl,BankBalanceSheetDetailXbrl,otherEquityInterestRevaluationGainsLossesFromInvestmentsInDebtInstrumentsMeasuredAtFairValueThroughOtherComprehensiveIncome,other_equity_interest_revaluation_gains_losses_f_5bb92a,tifrs-bsci-basi:OtherEquityInterest-RevaluationGainsLossesFromInvestmentsInDebtInstrumentsMeasuredAtFairValueThroughOtherComprehensiveIncome,
bank_balance_sheet_detail_xbrl,BankBalanceSheetDetailXbrl,otherMiscellaneousFinancialAssets,other_miscellaneous_financial_assets,tifrs-bsci-basi:OtherMiscellaneousFinancialAssets,
bank_balance_sheet_detail_xbrl,BankBalanceSheetDetailXbrl,otherPayables,other_payables,tifrs-bsci-basi:OtherPayables,
bank_balance_sheet_detail_xbrl,BankBalanceSheetDetailXbrl,otherPrepayments,other_prepayments,tifrs-bsci-basi:OtherPrepayments,
bank_balance_sheet_detail_xbrl,BankBalanceSheetDetailXbrl,otherReceivables,other_receivables,tifrs-bsci-basi:OtherReceivables,
bank_balance_sheet_detail_xbrl,BankBalanceSheetDetailXbrl,otherTaxRefundReceivable,other_tax_refund_receivable,tifrs-bsci-basi:OtherTaxRefundReceivable,
bank_balance_sheet_detail_xbrl,BankBalanceSheetDetailXbrl,otherTaxesPayable,other_taxes_payable,tifrs-bsci-basi:OtherTaxesPayable,
bank_balance_sheet_detail_xbrl,BankBalanceSheetDetailXbrl,overdrafts,overdrafts,tifrs-bsci-basi:Overdrafts,
bank_balance_sheet_detail_xbrl,BankBalanceSheetDetailXbrl,overdraftsOnBanks,overdrafts_on_banks,tifrs-bsci-basi:OverdraftsOnBanks,
bank_balance_sheet_detail_xbrl,BankBalanceSheetDetailXbrl,overdueLoans,overdue_loans,tifrs-bsci-basi:OverdueLoans,
bank_balance_sheet_detail_xbrl,BankBalanceSheetDetailXbrl,overdueReceivable,overdue_receivable,tifrs-bsci-basi:OverdueReceivable,
bank_balance_sheet_detail_xbrl,BankBalanceSheetDetailXbrl,prepaidExpenses,prepaid_expenses,tifrs-bsci-basi:PrepaidExpenses,
bank_balance_sheet_detail_xbrl,BankBalanceSheetDetailXbrl,prepaidIncomeTax,prepaid_income_tax,tifrs-bsci-basi:PrepaidIncomeTax,
bank_balance_sheet_detail_xbrl,BankBalanceSheetDetailXbrl,prepaidInterests,prepaid_interests,tifrs-bsci-basi:PrepaidInterests,
bank_balance_sheet_detail_xbrl,BankBalanceSheetDetailXbrl,prepaidPensionCost,prepaid_pension_cost,tifrs-bsci-basi:PrepaidPensionCost,
bank_balance_sheet_detail_xbrl,BankBalanceSheetDetailXbrl,prepaymentsForBusinessFacilities,prepayments_for_business_facilities,tifrs-bsci-basi:PrepaymentsForBusinessFacilities,
bank_balance_sheet_detail_xbrl,BankBalanceSheetDetailXbrl,principalReceivedOnStructuredNotes,principal_received_on_structured_notes,tifrs-bsci-basi:PrincipalReceivedOnStructuredNotes,
bank_balance_sheet_detail_xbrl,BankBalanceSheetDetailXbrl,provisionsForContingencies,provisions_for_contingencies,tifrs-bsci-basi:ProvisionsForContingencies,
bank_balance_sheet_detail_xbrl,BankBalanceSheetDetailXbrl,provisionsForGuaranteeLiabilities,provisions_for_guarantee_liabilities,tifrs-bsci-basi:ProvisionsForGuaranteeLiabilities,
bank_balance_sheet_detail_xbrl,BankBalanceSheetDetailXbrl,provisionsForLoanCommitments,provisions_for_loan_commitments,tifrs-bsci-basi:ProvisionsForLoanCommitments,
bank_balance_sheet_detail_xbrl,BankBalanceSheetDetailXbrl,provisionsForOthers,provisions_for_others,tifrs-bsci-basi:ProvisionsForOthers,
bank_balance_sheet_detail_xbrl,BankBalanceSheetDetailXbrl,receivables,receivables,tifrs-bsci-basi:Receivables,
bank_balance_sheet_detail_xbrl,BankBalanceSheetDetailXbrl,remittancesOutstanding,remittances_outstanding,tifrs-bsci-basi:RemittancesOutstanding,
bank_balance_sheet_detail_xbrl,BankBalanceSheetDetailXbrl,remittancesUnderCustody,remittances_under_custody,tifrs-bsci-basi:RemittancesUnderCustody,
bank_balance_sheet_detail_xbrl,BankBalanceSheetDetailXbrl,reserveForCapitalization,reserve_for_capitalization,tifrs-bsci-basi:ReserveForCapitalization,
bank_balance_sheet_detail_xbrl,BankBalanceSheetDetailXbrl,revaluationIncrementBuildingsAndStructures,revaluation_increment_buildings_and_structures,tifrs-bsci-basi:RevaluationIncrementBuildingsAndStructures,
bank_balance_sheet_detail_xbrl,BankBalanceSheetDetailXbrl,revaluationIncrementInvestmentProperty,revaluation_increment_investment_property,tifrs-bsci-basi:RevaluationIncrementInvestmentProperty,
bank_balance_sheet_detail_xbrl,BankBalanceSheetDetailXbrl,revaluationIncrementLand,revaluation_increment_land,tifrs-bsci-basi:RevaluationIncrementLand,
bank_balance_sheet_detail_xbrl,BankBalanceSheetDetailXbrl,rightOfUseAssets,right_of_use_assets,tifrs-bsci-basi:RightOfUseAssets,
bank_balance_sheet_detail_xbrl,BankBalanceSheetDetailXbrl,savingsAccountDeposits,savings_account_deposits,tifrs-bsci-basi:SavingsAccountDeposits,
bank_balance_sheet_detail_xbrl,BankBalanceSheetDetailXbrl,securedOverdrafts,secured_overdrafts,tifrs-bsci-basi:SecuredOverdrafts,
bank_balance_sheet_detail_xbrl,BankBalanceSheetDetailXbrl,securitiesServingAsTrustFundIndemnityReserveDeposited,securities_serving_as_trust_fund_indemnity_reser_2e0be8,tifrs-bsci-basi:SecuritiesServingAsTrustFundIndemnityReserveDeposited,
bank_balance_sheet_detail_xbrl,BankBalanceSheetDetailXbrl,settlementPrice,settlement_price,tifrs-bsci-basi:SettlementPrice,
bank_balance_sheet_detail_xbrl,BankBalanceSheetDetailXbrl,settlementProceeds,settlement_proceeds,tifrs-bsci-basi:SettlementProceeds,
bank_balance_sheet_detail_xbrl,BankBalanceSheetDetailXbrl,shorttermLoans,shortterm_loans,tifrs-bsci-basi:ShorttermLoans,
bank_balance_sheet_detail_xbrl,BankBalanceSheetDetailXbrl,shorttermSecuredLoans,shortterm_secured_loans,tifrs-bsci-basi:ShorttermSecuredLoans,
bank_balance_sheet_detail_xbrl,BankBalanceSheetDetailXbrl,specialReserve,special_reserve,tifrs-bsci-basi:SpecialReserve,
bank_balance_sheet_detail_xbrl,BankBalanceSheetDetailXbrl,spotExchangePayableForeignCurrencies,spot_exchange_payable_foreign_currencies,tifrs-bsci-basi:SpotExchangePayableForeignCurrencies,
bank_balance_sheet_detail_xbrl,BankBalanceSheetDetailXbrl,spotExchangeReceivableForeignCurrencies,spot_exchange_receivable_foreign_currencies,tifrs-bsci-basi:SpotExchangeReceivableForeignCurrencies,
bank_balance_sheet_detail_xbrl,BankBalanceSheetDetailXbrl,staffDemandSavingsDeposits,staff_demand_savings_deposits,tifrs-bsci-basi:StaffDemandSavingsDeposits,
bank_balance_sheet_detail_xbrl,BankBalanceSheetDetailXbrl,timeDeposits,time_deposits,tifrs-bsci-basi:TimeDeposits,
bank_balance_sheet_detail_xbrl,BankBalanceSheetDetailXbrl,treasurySharesTreasuryShares,treasury_shares_treasury_shares,tifrs-bsci-basi:TreasuryShares-TreasuryShares,
bank_balance_sheet_detail_xbrl,BankBalanceSheetDetailXbrl,trustFundIndemnityReserveDeposited,trust_fund_indemnity_reserve_deposited,tifrs-bsci-basi:TrustFundIndemnityReserveDeposited,
bank_balance_sheet_detail_xbrl,BankBalanceSheetDetailXbrl,unappropriatedEarnings,unappropriated_earnings,tifrs-bsci-basi:UnappropriatedEarnings,
bank_balance_sheet_detail_xbrl,BankBalanceSheetDetailXbrl,unearnedRevenue,unearned_revenue,tifrs-bsci-basi:UnearnedRevenue,
bank_balance_sheet_detail_xbrl,BankBalanceSheetDetailXbrl,rawContextRef,raw_context_ref,,
bank_balance_sheet_detail_xbrl,BankBalanceSheetDetailXbrl,createdAt,created_at,,
bank_balance_sheet_detail_xbrl,BankBalanceSheetDetailXbrl,updatedAt,updated_at,,
bank_income_statement_detail_xbrl,BankIncomeStatementDetailXbrl,symbol,symbol,,
bank_income_statement_detail_xbrl,BankIncomeStatementDetailXbrl,year,year,,
bank_income_statement_detail_xbrl,BankIncomeStatementDetailXbrl,quarter,quarter,,
bank_income_statement_detail_xbrl,BankIncomeStatementDetailXbrl,dataType,data_type,,
bank_income_statement_detail_xbrl,BankIncomeStatementDetailXbrl,subsidiaryCompanyId,subsidiary_company_id,,
bank_income_statement_detail_xbrl,BankIncomeStatementDetailXbrl,reportDate,report_date,,
bank_income_statement_detail_xbrl,BankIncomeStatementDetailXbrl,amortisationExpenseQuarter,amortisation_expense_quarter,ifrs-full:AmortisationExpense,
bank_income_statement_detail_xbrl,BankIncomeStatementDetailXbrl,amortisationExpenseYtd,amortisation_expense_ytd,ifrs-full:AmortisationExpense,
bank_income_statement_detail_xbrl,BankIncomeStatementDetailXbrl,depreciationAndAmortisationExpenseQuarter,depreciation_and_amortisation_expense_quarter,ifrs-full:DepreciationAndAmortisationExpense,
bank_income_statement_detail_xbrl,BankIncomeStatementDetailXbrl,depreciationAndAmortisationExpenseYtd,depreciation_and_amortisation_expense_ytd,ifrs-full:DepreciationAndAmortisationExpense,
bank_income_statement_detail_xbrl,BankIncomeStatementDetailXbrl,depreciationExpenseQuarter,depreciation_expense_quarter,ifrs-full:DepreciationExpense,
bank_income_statement_detail_xbrl,BankIncomeStatementDetailXbrl,depreciationExpenseYtd,depreciation_expense_ytd,ifrs-full:DepreciationExpense,
bank_income_statement_detail_xbrl,BankIncomeStatementDetailXbrl,employeeBenefitsExpenseQuarter,employee_benefits_expense_quarter,ifrs-full:EmployeeBenefitsExpense,
bank_income_statement_detail_xbrl,BankIncomeStatementDetailXbrl,employeeBenefitsExpenseYtd,employee_benefits_expense_ytd,ifrs-full:EmployeeBenefitsExpense,
bank_income_statement_detail_xbrl,BankIncomeStatementDetailXbrl,feeAndCommissionExpenseQuarter,fee_and_commission_expense_quarter,ifrs-full:FeeAndCommissionExpense,
bank_income_statement_detail_xbrl,BankIncomeStatementDetailXbrl,feeAndCommissionExpenseYtd,fee_and_commission_expense_ytd,ifrs-full:FeeAndCommissionExpense,
bank_income_statement_detail_xbrl,BankIncomeStatementDetailXbrl,feeAndCommissionIncomeQuarter,fee_and_commission_income_quarter,ifrs-full:FeeAndCommissionIncome,
bank_income_statement_detail_xbrl,BankIncomeStatementDetailXbrl,feeAndCommissionIncomeYtd,fee_and_commission_income_ytd,ifrs-full:FeeAndCommissionIncome,
bank_income_statement_detail_xbrl,BankIncomeStatementDetailXbrl,gainLossArisingFromDerecognitionOfFinancialAssetsMeasuredAtAmortisedCostQuarter,gain_loss_arising_from_derecognition_of_financia_e8b164,ifrs-full:GainLossArisingFromDerecognitionOfFinancialAssetsMeasuredAtAmortisedCost,
bank_income_statement_detail_xbrl,BankIncomeStatementDetailXbrl,gainLossArisingFromDerecognitionOfFinancialAssetsMeasuredAtAmortisedCostYtd,gain_loss_arising_from_derecognition_of_financia_2e077e,ifrs-full:GainLossArisingFromDerecognitionOfFinancialAssetsMeasuredAtAmortisedCost,
bank_income_statement_detail_xbrl,BankIncomeStatementDetailXbrl,gainsArisingFromDerecognitionOfFinancialAssetsMeasuredAtAmortisedCostQuarter,gains_arising_from_derecognition_of_financial_as_c7a824,ifrs-full:GainsArisingFromDerecognitionOfFinancialAssetsMeasuredAtAmortisedCost,
bank_income_statement_detail_xbrl,BankIncomeStatementDetailXbrl,gainsArisingFromDerecognitionOfFinancialAssetsMeasuredAtAmortisedCostYtd,gains_arising_from_derecognition_of_financial_as_a70d7f,ifrs-full:GainsArisingFromDerecognitionOfFinancialAssetsMeasuredAtAmortisedCost,
bank_income_statement_detail_xbrl,BankIncomeStatementDetailXbrl,gainsLossesOnExchangeDifferencesOnTranslationRecognisedInProfitOrLossQuarter,gains_losses_on_exchange_differences_on_translat_632c78,ifrs-full:GainsLossesOnExchangeDifferencesOnTranslationRecognisedInProfitOrLoss,
bank_income_statement_detail_xbrl,BankIncomeStatementDetailXbrl,gainsLossesOnExchangeDifferencesOnTranslationRecognisedInProfitOrLossYtd,gains_losses_on_exchange_differences_on_translat_4845ae,ifrs-full:GainsLossesOnExchangeDifferencesOnTranslationRecognisedInProfitOrLoss,
bank_income_statement_detail_xbrl,BankIncomeStatementDetailXbrl,generalAndAdministrativeExpenseQuarter,general_and_administrative_expense_quarter,ifrs-full:GeneralAndAdministrativeExpense,
bank_income_statement_detail_xbrl,BankIncomeStatementDetailXbrl,generalAndAdministrativeExpenseYtd,general_and_administrative_expense_ytd,ifrs-full:GeneralAndAdministrativeExpense,
bank_income_statement_detail_xbrl,BankIncomeStatementDetailXbrl,impairmentLossRecognisedInProfitOrLossQuarter,impairment_loss_recognised_in_profit_or_loss_quarter,ifrs-full:ImpairmentLossRecognisedInProfitOrLoss,
bank_income_statement_detail_xbrl,BankIncomeStatementDetailXbrl,impairmentLossRecognisedInProfitOrLossYtd,impairment_loss_recognised_in_profit_or_loss_ytd,ifrs-full:ImpairmentLossRecognisedInProfitOrLoss,
bank_income_statement_detail_xbrl,BankIncomeStatementDetailXbrl,incomeTaxRelatingToComponentsOfOtherComprehensiveIncomeThatWillBeReclassifiedToProfitOrLossQuarter,income_tax_relating_to_components_of_other_compr_353a04,ifrs-full:IncomeTaxRelatingToComponentsOfOtherComprehensiveIncomeThatWillBeReclassifiedToProfitOrLoss,
bank_income_statement_detail_xbrl,BankIncomeStatementDetailXbrl,incomeTaxRelatingToComponentsOfOtherComprehensiveIncomeThatWillBeReclassifiedToProfitOrLossYtd,income_tax_relating_to_components_of_other_compr_e8aaba,ifrs-full:IncomeTaxRelatingToComponentsOfOtherComprehensiveIncomeThatWillBeReclassifiedToProfitOrLoss,
bank_income_statement_detail_xbrl,BankIncomeStatementDetailXbrl,interestIncomeOnFinancialAssetsDesignatedAtFairValueThroughProfitOrLossQuarter,interest_income_on_financial_assets_designated_a_8bdfab,ifrs-full:InterestIncomeOnFinancialAssetsDesignatedAtFairValueThroughProfitOrLoss,
bank_income_statement_detail_xbrl,BankIncomeStatementDetailXbrl,interestIncomeOnFinancialAssetsDesignatedAtFairValueThroughProfitOrLossYtd,interest_income_on_financial_assets_designated_a_1f522d,ifrs-full:InterestIncomeOnFinancialAssetsDesignatedAtFairValueThroughProfitOrLoss,
bank_income_statement_detail_xbrl,BankIncomeStatementDetailXbrl,interestIncomeOnLoansAndAdvancesToCustomersQuarter,interest_income_on_loans_and_advances_to_custome_dc2591,ifrs-full:InterestIncomeOnLoansAndAdvancesToCustomers,
bank_income_statement_detail_xbrl,BankIncomeStatementDetailXbrl,interestIncomeOnLoansAndAdvancesToCustomersYtd,interest_income_on_loans_and_advances_to_customers_ytd,ifrs-full:InterestIncomeOnLoansAndAdvancesToCustomers,
bank_income_statement_detail_xbrl,BankIncomeStatementDetailXbrl,lossesArisingFromDerecognitionOfFinancialAssetsMeasuredAtAmortisedCostQuarter,losses_arising_from_derecognition_of_financial_a_7935a1,ifrs-full:LossesArisingFromDerecognitionOfFinancialAssetsMeasuredAtAmortisedCost,
bank_income_statement_detail_xbrl,BankIncomeStatementDetailXbrl,lossesArisingFromDerecognitionOfFinancialAssetsMeasuredAtAmortisedCostYtd,losses_arising_from_derecognition_of_financial_a_d24376,ifrs-full:LossesArisingFromDerecognitionOfFinancialAssetsMeasuredAtAmortisedCost,
bank_income_statement_detail_xbrl,BankIncomeStatementDetailXbrl,rentalExpenseQuarter,rental_expense_quarter,ifrs-full:RentalExpense,
bank_income_statement_detail_xbrl,BankIncomeStatementDetailXbrl,rentalExpenseYtd,rental_expense_ytd,ifrs-full:RentalExpense,
bank_income_statement_detail_xbrl,BankIncomeStatementDetailXbrl,rentalIncomeQuarter,rental_income_quarter,ifrs-full:RentalIncome,
bank_income_statement_detail_xbrl,BankIncomeStatementDetailXbrl,rentalIncomeYtd,rental_income_ytd,ifrs-full:RentalIncome,
bank_income_statement_detail_xbrl,BankIncomeStatementDetailXbrl,reversalOfImpairmentLossRecognisedInProfitOrLossQuarter,reversal_of_impairment_loss_recognised_in_profit_4b12b2,ifrs-full:ReversalOfImpairmentLossRecognisedInProfitOrLoss,
bank_income_statement_detail_xbrl,BankIncomeStatementDetailXbrl,reversalOfImpairmentLossRecognisedInProfitOrLossYtd,reversal_of_impairment_loss_recognised_in_profit_dcb1a9,ifrs-full:ReversalOfImpairmentLossRecognisedInProfitOrLoss,
bank_income_statement_detail_xbrl,BankIncomeStatementDetailXbrl,shorttermEmployeeBenefitsExpenseQuarter,shortterm_employee_benefits_expense_quarter,ifrs-full:ShorttermEmployeeBenefitsExpense,
bank_income_statement_detail_xbrl,BankIncomeStatementDetailXbrl,shorttermEmployeeBenefitsExpenseYtd,shortterm_employee_benefits_expense_ytd,ifrs-full:ShorttermEmployeeBenefitsExpense,
bank_income_statement_detail_xbrl,BankIncomeStatementDetailXbrl,terminationBenefitsExpenseQuarter,termination_benefits_expense_quarter,ifrs-full:TerminationBenefitsExpense,
bank_income_statement_detail_xbrl,BankIncomeStatementDetailXbrl,terminationBenefitsExpenseYtd,termination_benefits_expense_ytd,ifrs-full:TerminationBenefitsExpense,
bank_income_statement_detail_xbrl,BankIncomeStatementDetailXbrl,adjustmentForBadDebtsExpenseOfCreditCardsAccountsReceivableQuarter,adjustment_for_bad_debts_expense_of_credit_cards_b9fe91,tifrs-bsci-basi:AdjustmentForBadDebtsExpenseOfCreditCardsAccountsReceivable,
bank_income_statement_detail_xbrl,BankIncomeStatementDetailXbrl,adjustmentForBadDebtsExpenseOfCreditCardsAccountsReceivableYtd,adjustment_for_bad_debts_expense_of_credit_cards_fb67f4,tifrs-bsci-basi:AdjustmentForBadDebtsExpenseOfCreditCardsAccountsReceivable,
bank_income_statement_detail_xbrl,BankIncomeStatementDetailXbrl,adjustmentForBadDebtsExpenseOfLoansQuarter,adjustment_for_bad_debts_expense_of_loans_quarter,tifrs-bsci-basi:AdjustmentForBadDebtsExpenseOfLoans,
bank_income_statement_detail_xbrl,BankIncomeStatementDetailXbrl,adjustmentForBadDebtsExpenseOfLoansYtd,adjustment_for_bad_debts_expense_of_loans_ytd,tifrs-bsci-basi:AdjustmentForBadDebtsExpenseOfLoans,
bank_income_statement_detail_xbrl,BankIncomeStatementDetailXbrl,adjustmentForBadDebtsExpenseOfOtherReceivablesQuarter,adjustment_for_bad_debts_expense_of_other_receiv_85f64d,tifrs-bsci-basi:AdjustmentForBadDebtsExpenseOfOtherReceivables,
bank_income_statement_detail_xbrl,BankIncomeStatementDetailXbrl,adjustmentForBadDebtsExpenseOfOtherReceivablesYtd,adjustment_for_bad_debts_expense_of_other_receiv_eb72eb,tifrs-bsci-basi:AdjustmentForBadDebtsExpenseOfOtherReceivables,
bank_income_statement_detail_xbrl,BankIncomeStatementDetailXbrl,assetsRetirementLossesQuarter,assets_retirement_losses_quarter,tifrs-bsci-basi:AssetsRetirementLosses,
bank_income_statement_detail_xbrl,BankIncomeStatementDetailXbrl,assetsRetirementLossesYtd,assets_retirement_losses_ytd,tifrs-bsci-basi:AssetsRetirementLosses,
bank_income_statement_detail_xbrl,BankIncomeStatementDetailXbrl,assetsRetirementLossesNetOtherNonInterestIncomeLossQuarter,assets_retirement_losses_net_other_non_interest__fa2e87,tifrs-bsci-basi:AssetsRetirementLosses-NetOtherNonInterestIncomeLoss,
bank_income_statement_detail_xbrl,BankIncomeStatementDetailXbrl,assetsRetirementLossesNetOtherNonInterestIncomeLossYtd,assets_retirement_losses_net_other_non_interest__0d0c4f,tifrs-bsci-basi:AssetsRetirementLosses-NetOtherNonInterestIncomeLoss,
bank_income_statement_detail_xbrl,BankIncomeStatementDetailXbrl,badDebtExpensesAndGuaranteeLiabilityProvisionQuarter,bad_debt_expenses_and_guarantee_liability_provis_962f67,tifrs-bsci-basi:BadDebtExpensesAndGuaranteeLiabilityProvision,
bank_income_statement_detail_xbrl,BankIncomeStatementDetailXbrl,badDebtExpensesAndGuaranteeLiabilityProvisionYtd,bad_debt_expenses_and_guarantee_liability_provision_ytd,tifrs-bsci-basi:BadDebtExpensesAndGuaranteeLiabilityProvision,
bank_income_statement_detail_xbrl,BankIncomeStatementDetailXbrl,badDebtsExpenseOfAcceptancesReceivableQuarter,bad_debts_expense_of_acceptances_receivable_quarter,tifrs-bsci-basi:BadDebtsExpenseOfAcceptancesReceivable,
bank_income_statement_detail_xbrl,BankIncomeStatementDetailXbrl,badDebtsExpenseOfAcceptancesReceivableYtd,bad_debts_expense_of_acceptances_receivable_ytd,tifrs-bsci-basi:BadDebtsExpenseOfAcceptancesReceivable,
bank_income_statement_detail_xbrl,BankIncomeStatementDetailXbrl,badDebtsExpenseOfAccountsReceivableFactoringQuarter,bad_debts_expense_of_accounts_receivable_factori_7fea45,tifrs-bsci-basi:BadDebtsExpenseOfAccountsReceivableFactoring,
bank_income_statement_detail_xbrl,BankIncomeStatementDetailXbrl,badDebtsExpenseOfAccountsReceivableFactoringYtd,bad_debts_expense_of_accounts_receivable_factoring_ytd,tifrs-bsci-basi:BadDebtsExpenseOfAccountsReceivableFactoring,
bank_income_statement_detail_xbrl,BankIncomeStatementDetailXbrl,badDebtsExpenseOfCreditCardsAccountsReceivableQuarter,bad_debts_expense_of_credit_cards_accounts_recei_137829,tifrs-bsci-basi:BadDebtsExpenseOfCreditCardsAccountsReceivable,
bank_income_statement_detail_xbrl,BankIncomeStatementDetailXbrl,badDebtsExpenseOfCreditCardsAccountsReceivableYtd,bad_debts_expense_of_credit_cards_accounts_recei_3e4e82,tifrs-bsci-basi:BadDebtsExpenseOfCreditCardsAccountsReceivable,
bank_income_statement_detail_xbrl,BankIncomeStatementDetailXbrl,badDebtsExpenseOfLoansQuarter,bad_debts_expense_of_loans_quarter,tifrs-bsci-basi:BadDebtsExpenseOfLoans,
bank_income_statement_detail_xbrl,BankIncomeStatementDetailXbrl,badDebtsExpenseOfLoansYtd,bad_debts_expense_of_loans_ytd,tifrs-bsci-basi:BadDebtsExpenseOfLoans,
bank_income_statement_detail_xbrl,BankIncomeStatementDetailXbrl,badDebtsExpenseOfOtherReceivablesQuarter,bad_debts_expense_of_other_receivables_quarter,tifrs-bsci-basi:BadDebtsExpenseOfOtherReceivables,
bank_income_statement_detail_xbrl,BankIncomeStatementDetailXbrl,badDebtsExpenseOfOtherReceivablesYtd,bad_debts_expense_of_other_receivables_ytd,tifrs-bsci-basi:BadDebtsExpenseOfOtherReceivables,
bank_income_statement_detail_xbrl,BankIncomeStatementDetailXbrl,commissionExpenseQuarter,commission_expense_quarter,tifrs-bsci-basi:CommissionExpense,
bank_income_statement_detail_xbrl,BankIncomeStatementDetailXbrl,commissionExpenseYtd,commission_expense_ytd,tifrs-bsci-basi:CommissionExpense,
bank_income_statement_detail_xbrl,BankIncomeStatementDetailXbrl,dividendIncomeFromInvestmentsInEquityInstrumentsMeasuredAtFairValueThroughOtherComprehensiveIncomeQuarter,dividend_income_from_investments_in_equity_instr_24d203,tifrs-bsci-basi:DividendIncomeFromInvestmentsInEquityInstrumentsMeasuredAtFairValueThroughOtherComprehensiveIncome,
bank_income_statement_detail_xbrl,BankIncomeStatementDetailXbrl,dividendIncomeFromInvestmentsInEquityInstrumentsMeasuredAtFairValueThroughOtherComprehensiveIncomeYtd,dividend_income_from_investments_in_equity_instr_7eb319,tifrs-bsci-basi:DividendIncomeFromInvestmentsInEquityInstrumentsMeasuredAtFairValueThroughOtherComprehensiveIncome,
bank_income_statement_detail_xbrl,BankIncomeStatementDetailXbrl,dividendIncomesFromFinancialAssetsMeasuredAtFairValueThroughProfitOrLossQuarter,dividend_incomes_from_financial_assets_measured__678a79,tifrs-bsci-basi:DividendIncomesFromFinancialAssetsMeasuredAtFairValueThroughProfitOrLoss,
bank_income_statement_detail_xbrl,BankIncomeStatementDetailXbrl,dividendIncomesFromFinancialAssetsMeasuredAtFairValueThroughProfitOrLossYtd,dividend_incomes_from_financial_assets_measured__c5e0fa,tifrs-bsci-basi:DividendIncomesFromFinancialAssetsMeasuredAtFairValueThroughProfitOrLoss,
bank_income_statement_detail_xbrl,BankIncomeStatementDetailXbrl,employeeTrainingExpenseQuarter,employee_training_expense_quarter,tifrs-bsci-basi:EmployeeTrainingExpense,
bank_income_statement_detail_xbrl,BankIncomeStatementDetailXbrl,employeeTrainingExpenseYtd,employee_training_expense_ytd,tifrs-bsci-basi:EmployeeTrainingExpense,
bank_income_statement_detail_xbrl,BankIncomeStatementDetailXbrl,exchangeLossesQuarter,exchange_losses_quarter,tifrs-bsci-basi:ExchangeLosses,
bank_income_statement_detail_xbrl,BankIncomeStatementDetailXbrl,exchangeLossesYtd,exchange_losses_ytd,tifrs-bsci-basi:ExchangeLosses,
bank_income_statement_detail_xbrl,BankIncomeStatementDetailXbrl,exchangeLossesExchangeLossesQuarter,exchange_losses_exchange_losses_quarter,tifrs-bsci-basi:ExchangeLosses-ExchangeLosses,
bank_income_statement_detail_xbrl,BankIncomeStatementDetailXbrl,exchangeLossesExchangeLossesYtd,exchange_losses_exchange_losses_ytd,tifrs-bsci-basi:ExchangeLosses-ExchangeLosses,
bank_income_statement_detail_xbrl,BankIncomeStatementDetailXbrl,expenseOfRentingOutOperatingAssetsQuarter,expense_of_renting_out_operating_assets_quarter,tifrs-bsci-basi:ExpenseOfRentingOutOperatingAssets,
bank_income_statement_detail_xbrl,BankIncomeStatementDetailXbrl,expenseOfRentingOutOperatingAssetsYtd,expense_of_renting_out_operating_assets_ytd,tifrs-bsci-basi:ExpenseOfRentingOutOperatingAssets,
bank_income_statement_detail_xbrl,BankIncomeStatementDetailXbrl,expenseOfTransitingCashQuarter,expense_of_transiting_cash_quarter,tifrs-bsci-basi:ExpenseOfTransitingCash,
bank_income_statement_detail_xbrl,BankIncomeStatementDetailXbrl,expenseOfTransitingCashYtd,expense_of_transiting_cash_ytd,tifrs-bsci-basi:ExpenseOfTransitingCash,
bank_income_statement_detail_xbrl,BankIncomeStatementDetailXbrl,expensesQuarter,expenses_quarter,tifrs-bsci-basi:Expenses,
bank_income_statement_detail_xbrl,BankIncomeStatementDetailXbrl,expensesYtd,expenses_ytd,tifrs-bsci-basi:Expenses,
bank_income_statement_detail_xbrl,BankIncomeStatementDetailXbrl,foreignExchangeGainsQuarter,foreign_exchange_gains_quarter,tifrs-bsci-basi:ForeignExchangeGains,
bank_income_statement_detail_xbrl,BankIncomeStatementDetailXbrl,foreignExchangeGainsYtd,foreign_exchange_gains_ytd,tifrs-bsci-basi:ForeignExchangeGains,
bank_income_statement_detail_xbrl,BankIncomeStatementDetailXbrl,foreignExchangeGainsForeignExchangeGainsQuarter,foreign_exchange_gains_foreign_exchange_gains_quarter,tifrs-bsci-basi:ForeignExchangeGains-ForeignExchangeGains,
bank_income_statement_detail_xbrl,BankIncomeStatementDetailXbrl,foreignExchangeGainsForeignExchangeGainsYtd,foreign_exchange_gains_foreign_exchange_gains_ytd,tifrs-bsci-basi:ForeignExchangeGains-ForeignExchangeGains,
bank_income_statement_detail_xbrl,BankIncomeStatementDetailXbrl,gainLossOnFinancialAssetsOrLiabilitiesMeasuredAtFairValueThroughProfitOrLossQuarter,gain_loss_on_financial_assets_or_liabilities_mea_98431c,tifrs-bsci-basi:GainLossOnFinancialAssetsOrLiabilitiesMeasuredAtFairValueThroughProfitOrLoss,
bank_income_statement_detail_xbrl,BankIncomeStatementDetailXbrl,gainLossOnFinancialAssetsOrLiabilitiesMeasuredAtFairValueThroughProfitOrLossYtd,gain_loss_on_financial_assets_or_liabilities_mea_6bdea8,tifrs-bsci-basi:GainLossOnFinancialAssetsOrLiabilitiesMeasuredAtFairValueThroughProfitOrLoss,
bank_income_statement_detail_xbrl,BankIncomeStatementDetailXbrl,gainLossOnInvestmentPropertyQuarter,gain_loss_on_investment_property_quarter,tifrs-bsci-basi:GainLossOnInvestmentProperty,
bank_income_statement_detail_xbrl,BankIncomeStatementDetailXbrl,gainLossOnInvestmentPropertyYtd,gain_loss_on_investment_property_ytd,tifrs-bsci-basi:GainLossOnInvestmentProperty,
bank_income_statement_detail_xbrl,BankIncomeStatementDetailXbrl,gainsArisingFromDerecognitionOfInvestmentsInDebtInstrumentsMeasuredAtFairValueThroughOtherComprehensiveIncomeQuarter,gains_arising_from_derecognition_of_investments__c68748,tifrs-bsci-basi:GainsArisingFromDerecognitionOfInvestmentsInDebtInstrumentsMeasuredAtFairValueThroughOtherComprehensiveIncome,
bank_income_statement_detail_xbrl,BankIncomeStatementDetailXbrl,gainsArisingFromDerecognitionOfInvestmentsInDebtInstrumentsMeasuredAtFairValueThroughOtherComprehensiveIncomeYtd,gains_arising_from_derecognition_of_investments__001774,tifrs-bsci-basi:GainsArisingFromDerecognitionOfInvestmentsInDebtInstrumentsMeasuredAtFairValueThroughOtherComprehensiveIncome,
bank_income_statement_detail_xbrl,BankIncomeStatementDetailXbrl,gainsLossesFromInvestmentsInDebtInstrumentsMeasuredAtFairValueThroughOtherComprehensiveIncomeQuarter,gains_losses_from_investments_in_debt_instrument_a7928d,tifrs-bsci-basi:GainsLossesFromInvestmentsInDebtInstrumentsMeasuredAtFairValueThroughOtherComprehensiveIncome,
bank_income_statement_detail_xbrl,BankIncomeStatementDetailXbrl,gainsLossesFromInvestmentsInDebtInstrumentsMeasuredAtFairValueThroughOtherComprehensiveIncomeYtd,gains_losses_from_investments_in_debt_instrument_a79227,tifrs-bsci-basi:GainsLossesFromInvestmentsInDebtInstrumentsMeasuredAtFairValueThroughOtherComprehensiveIncome,
bank_income_statement_detail_xbrl,BankIncomeStatementDetailXbrl,gainsOnDisposalOfFinancialAssetsMeasuredAtFairValueThroughProfitOrLossQuarter,gains_on_disposal_of_financial_assets_measured_a_033538,tifrs-bsci-basi:GainsOnDisposalOfFinancialAssetsMeasuredAtFairValueThroughProfitOrLoss,
bank_income_statement_detail_xbrl,BankIncomeStatementDetailXbrl,gainsOnDisposalOfFinancialAssetsMeasuredAtFairValueThroughProfitOrLossYtd,gains_on_disposal_of_financial_assets_measured_a_0c72de,tifrs-bsci-basi:GainsOnDisposalOfFinancialAssetsMeasuredAtFairValueThroughProfitOrLoss,
bank_income_statement_detail_xbrl,BankIncomeStatementDetailXbrl,gainsOnDisposalOfFinancialLiabilitiesMeasuredAtFairValueThroughProfitOrLossQuarter,gains_on_disposal_of_financial_liabilities_measu_b4fef9,tifrs-bsci-basi:GainsOnDisposalOfFinancialLiabilitiesMeasuredAtFairValueThroughProfitOrLoss,
bank_income_statement_detail_xbrl,BankIncomeStatementDetailXbrl,gainsOnDisposalOfFinancialLiabilitiesMeasuredAtFairValueThroughProfitOrLossYtd,gains_on_disposal_of_financial_liabilities_measu_3d3b3f,tifrs-bsci-basi:GainsOnDisposalOfFinancialLiabilitiesMeasuredAtFairValueThroughProfitOrLoss,
bank_income_statement_detail_xbrl,BankIncomeStatementDetailXbrl,gainsOnDisposalOfInvestmentsInDebtInstrumentsMeasuredAtAmortisedCostQuarter,gains_on_disposal_of_investments_in_debt_instrum_e7dff7,tifrs-bsci-basi:GainsOnDisposalOfInvestmentsInDebtInstrumentsMeasuredAtAmortisedCost,
bank_income_statement_detail_xbrl,BankIncomeStatementDetailXbrl,gainsOnDisposalOfInvestmentsInDebtInstrumentsMeasuredAtAmortisedCostYtd,gains_on_disposal_of_investments_in_debt_instrum_e0fb47,tifrs-bsci-basi:GainsOnDisposalOfInvestmentsInDebtInstrumentsMeasuredAtAmortisedCost,
bank_income_statement_detail_xbrl,BankIncomeStatementDetailXbrl,gainsOnDisposalOfPropertyQuarter,gains_on_disposal_of_property_quarter,tifrs-bsci-basi:GainsOnDisposalOfProperty,
bank_income_statement_detail_xbrl,BankIncomeStatementDetailXbrl,gainsOnDisposalOfPropertyYtd,gains_on_disposal_of_property_ytd,tifrs-bsci-basi:GainsOnDisposalOfProperty,
bank_income_statement_detail_xbrl,BankIncomeStatementDetailXbrl,gainsOnDisposalsOfInvestmentPropertyQuarter,gains_on_disposals_of_investment_property_quarter,tifrs-bsci-basi:GainsOnDisposalsOfInvestmentProperty,
bank_income_statement_detail_xbrl,BankIncomeStatementDetailXbrl,gainsOnDisposalsOfInvestmentPropertyYtd,gains_on_disposals_of_investment_property_ytd,tifrs-bsci-basi:GainsOnDisposalsOfInvestmentProperty,
bank_income_statement_detail_xbrl,BankIncomeStatementDetailXbrl,gainsOnFinancialAssetsOrLiabilitiesMeasuredAtFairValueThroughProfitOrLossQuarter,gains_on_financial_assets_or_liabilities_measure_63a587,tifrs-bsci-basi:GainsOnFinancialAssetsOrLiabilitiesMeasuredAtFairValueThroughProfitOrLoss,
bank_income_statement_detail_xbrl,BankIncomeStatementDetailXbrl,gainsOnFinancialAssetsOrLiabilitiesMeasuredAtFairValueThroughProfitOrLossYtd,gains_on_financial_assets_or_liabilities_measure_83b71e,tifrs-bsci-basi:GainsOnFinancialAssetsOrLiabilitiesMeasuredAtFairValueThroughProfitOrLoss,
bank_income_statement_detail_xbrl,BankIncomeStatementDetailXbrl,impairmentLossOnAssetsReversalOfImpairmentLossOnAssetsQuarter,impairment_loss_on_assets_reversal_of_impairment_534aa6,tifrs-bsci-basi:ImpairmentLossOnAssetsReversalOfImpairmentLossOnAssets,
bank_income_statement_detail_xbrl,BankIncomeStatementDetailXbrl,impairmentLossOnAssetsReversalOfImpairmentLossOnAssetsYtd,impairment_loss_on_assets_reversal_of_impairment_037beb,tifrs-bsci-basi:ImpairmentLossOnAssetsReversalOfImpairmentLossOnAssets,
bank_income_statement_detail_xbrl,BankIncomeStatementDetailXbrl,impairmentLossesOnCollateralsAssumedQuarter,impairment_losses_on_collaterals_assumed_quarter,tifrs-bsci-basi:ImpairmentLossesOnCollateralsAssumed,
bank_income_statement_detail_xbrl,BankIncomeStatementDetailXbrl,impairmentLossesOnCollateralsAssumedYtd,impairment_losses_on_collaterals_assumed_ytd,tifrs-bsci-basi:ImpairmentLossesOnCollateralsAssumed,
bank_income_statement_detail_xbrl,BankIncomeStatementDetailXbrl,impairmentLossesOnInvestmentsInDebtInstrumentsMeasuredAtAmortisedCostQuarter,impairment_losses_on_investments_in_debt_instrum_54e7ac,tifrs-bsci-basi:ImpairmentLossesOnInvestmentsInDebtInstrumentsMeasuredAtAmortisedCost,
bank_income_statement_detail_xbrl,BankIncomeStatementDetailXbrl,impairmentLossesOnInvestmentsInDebtInstrumentsMeasuredAtAmortisedCostYtd,impairment_losses_on_investments_in_debt_instrum_0d9e03,tifrs-bsci-basi:ImpairmentLossesOnInvestmentsInDebtInstrumentsMeasuredAtAmortisedCost,
bank_income_statement_detail_xbrl,BankIncomeStatementDetailXbrl,impairmentLossesOnInvestmentsInDebtInstrumentsMeasuredAtFairValueThroughOtherComprehensiveIncomeQuarter,impairment_losses_on_investments_in_debt_instrum_b8f945,tifrs-bsci-basi:ImpairmentLossesOnInvestmentsInDebtInstrumentsMeasuredAtFairValueThroughOtherComprehensiveIncome,
bank_income_statement_detail_xbrl,BankIncomeStatementDetailXbrl,impairmentLossesOnInvestmentsInDebtInstrumentsMeasuredAtFairValueThroughOtherComprehensiveIncomeYtd,impairment_losses_on_investments_in_debt_instrum_4c0661,tifrs-bsci-basi:ImpairmentLossesOnInvestmentsInDebtInstrumentsMeasuredAtFairValueThroughOtherComprehensiveIncome,
bank_income_statement_detail_xbrl,BankIncomeStatementDetailXbrl,incomeQuarter,income_quarter,tifrs-bsci-basi:Income,
bank_income_statement_detail_xbrl,BankIncomeStatementDetailXbrl,incomeYtd,income_ytd,tifrs-bsci-basi:Income,
bank_income_statement_detail_xbrl,BankIncomeStatementDetailXbrl,incomeTaxRelatedToComponentsOfComprehensiveIncomeQuarter,income_tax_related_to_components_of_comprehensiv_9ca988,tifrs-bsci-basi:IncomeTaxRelatedToComponentsOfComprehensiveIncome,
bank_income_statement_detail_xbrl,BankIncomeStatementDetailXbrl,incomeTaxRelatedToComponentsOfComprehensiveIncomeYtd,income_tax_related_to_components_of_comprehensiv_d59797,tifrs-bsci-basi:IncomeTaxRelatedToComponentsOfComprehensiveIncome,
bank_income_statement_detail_xbrl,BankIncomeStatementDetailXbrl,interestExpenseBondQuarter,interest_expense_bond_quarter,tifrs-bsci-basi:InterestExpenseBond,
bank_income_statement_detail_xbrl,BankIncomeStatementDetailXbrl,interestExpenseBondYtd,interest_expense_bond_ytd,tifrs-bsci-basi:InterestExpenseBond,
bank_income_statement_detail_xbrl,BankIncomeStatementDetailXbrl,interestExpenseDepositQuarter,interest_expense_deposit_quarter,tifrs-bsci-basi:InterestExpenseDeposit,
bank_income_statement_detail_xbrl,BankIncomeStatementDetailXbrl,interestExpenseDepositYtd,interest_expense_deposit_ytd,tifrs-bsci-basi:InterestExpenseDeposit,
bank_income_statement_detail_xbrl,BankIncomeStatementDetailXbrl,interestExpenseDueToCentralBankAndOtherBanksQuarter,interest_expense_due_to_central_bank_and_other_b_08114f,tifrs-bsci-basi:InterestExpenseDueToCentralBankAndOtherBanks,
bank_income_statement_detail_xbrl,BankIncomeStatementDetailXbrl,interestExpenseDueToCentralBankAndOtherBanksYtd,interest_expense_due_to_central_bank_and_other_b_761d4f,tifrs-bsci-basi:InterestExpenseDueToCentralBankAndOtherBanks,
bank_income_statement_detail_xbrl,BankIncomeStatementDetailXbrl,interestExpenseOnLeaseLiabilitiesQuarter,interest_expense_on_lease_liabilities_quarter,tifrs-bsci-basi:InterestExpenseOnLeaseLiabilities,
bank_income_statement_detail_xbrl,BankIncomeStatementDetailXbrl,interestExpenseOnLeaseLiabilitiesYtd,interest_expense_on_lease_liabilities_ytd,tifrs-bsci-basi:InterestExpenseOnLeaseLiabilities,
bank_income_statement_detail_xbrl,BankIncomeStatementDetailXbrl,interestExpenseOthersQuarter,interest_expense_others_quarter,tifrs-bsci-basi:InterestExpenseOthers,
bank_income_statement_detail_xbrl,BankIncomeStatementDetailXbrl,interestExpenseOthersYtd,interest_expense_others_ytd,tifrs-bsci-basi:InterestExpenseOthers,
bank_income_statement_detail_xbrl,BankIncomeStatementDetailXbrl,interestExpenseRepurchaseQuarter,interest_expense_repurchase_quarter,tifrs-bsci-basi:InterestExpenseRepurchase,
bank_income_statement_detail_xbrl,BankIncomeStatementDetailXbrl,interestExpenseRepurchaseYtd,interest_expense_repurchase_ytd,tifrs-bsci-basi:InterestExpenseRepurchase,
bank_income_statement_detail_xbrl,BankIncomeStatementDetailXbrl,interestIncomeAccountsReceivableFactoringQuarter,interest_income_accounts_receivable_factoring_quarter,tifrs-bsci-basi:InterestIncomeAccountsReceivableFactoring,
bank_income_statement_detail_xbrl,BankIncomeStatementDetailXbrl,interestIncomeAccountsReceivableFactoringYtd,interest_income_accounts_receivable_factoring_ytd,tifrs-bsci-basi:InterestIncomeAccountsReceivableFactoring,
bank_income_statement_detail_xbrl,BankIncomeStatementDetailXbrl,interestIncomeBillsNegotiatedQuarter,interest_income_bills_negotiated_quarter,tifrs-bsci-basi:InterestIncomeBillsNegotiated,
bank_income_statement_detail_xbrl,BankIncomeStatementDetailXbrl,interestIncomeBillsNegotiatedYtd,interest_income_bills_negotiated_ytd,tifrs-bsci-basi:InterestIncomeBillsNegotiated,
bank_income_statement_detail_xbrl,BankIncomeStatementDetailXbrl,interestIncomeCreditCardRecurrenceQuarter,interest_income_credit_card_recurrence_quarter,tifrs-bsci-basi:InterestIncomeCreditCardRecurrence,
bank_income_statement_detail_xbrl,BankIncomeStatementDetailXbrl,interestIncomeCreditCardRecurrenceYtd,interest_income_credit_card_recurrence_ytd,tifrs-bsci-basi:InterestIncomeCreditCardRecurrence,
bank_income_statement_detail_xbrl,BankIncomeStatementDetailXbrl,interestIncomeDueFromBanksQuarter,interest_income_due_from_banks_quarter,tifrs-bsci-basi:InterestIncomeDueFromBanks,
bank_income_statement_detail_xbrl,BankIncomeStatementDetailXbrl,interestIncomeDueFromBanksYtd,interest_income_due_from_banks_ytd,tifrs-bsci-basi:InterestIncomeDueFromBanks,
bank_income_statement_detail_xbrl,BankIncomeStatementDetailXbrl,interestIncomeOthersQuarter,interest_income_others_quarter,tifrs-bsci-basi:InterestIncomeOthers,
bank_income_statement_detail_xbrl,BankIncomeStatementDetailXbrl,interestIncomeOthersYtd,interest_income_others_ytd,tifrs-bsci-basi:InterestIncomeOthers,
bank_income_statement_detail_xbrl,BankIncomeStatementDetailXbrl,interestIncomeSecuritiesInvestmentQuarter,interest_income_securities_investment_quarter,tifrs-bsci-basi:InterestIncomeSecuritiesInvestment,
bank_income_statement_detail_xbrl,BankIncomeStatementDetailXbrl,interestIncomeSecuritiesInvestmentYtd,interest_income_securities_investment_ytd,tifrs-bsci-basi:InterestIncomeSecuritiesInvestment,
bank_income_statement_detail_xbrl,BankIncomeStatementDetailXbrl,leasingIncomeFromOperatingAssetsQuarter,leasing_income_from_operating_assets_quarter,tifrs-bsci-basi:LeasingIncomeFromOperatingAssets,
bank_income_statement_detail_xbrl,BankIncomeStatementDetailXbrl,leasingIncomeFromOperatingAssetsYtd,leasing_income_from_operating_assets_ytd,tifrs-bsci-basi:LeasingIncomeFromOperatingAssets,
bank_income_statement_detail_xbrl,BankIncomeStatementDetailXbrl,lossesArisingFromDerecognitionOfInvestmentsInDebtInstrumentsAtFairValueThroughOtherComprehensiveIncomeQuarter,losses_arising_from_derecognition_of_investments_bbd2ec,tifrs-bsci-basi:LossesArisingFromDerecognitionOfInvestmentsInDebtInstrumentsAtFairValueThroughOtherComprehensiveIncome,
bank_income_statement_detail_xbrl,BankIncomeStatementDetailXbrl,lossesArisingFromDerecognitionOfInvestmentsInDebtInstrumentsAtFairValueThroughOtherComprehensiveIncomeYtd,losses_arising_from_derecognition_of_investments_669d9c,tifrs-bsci-basi:LossesArisingFromDerecognitionOfInvestmentsInDebtInstrumentsAtFairValueThroughOtherComprehensiveIncome,
bank_income_statement_detail_xbrl,BankIncomeStatementDetailXbrl,lossesOnDisposalOfCreditAssetsMeasuredAtAmortisedCostQuarter,losses_on_disposal_of_credit_assets_measured_at__779441,tifrs-bsci-basi:LossesOnDisposalOfCreditAssetsMeasuredAtAmortisedCost,
bank_income_statement_detail_xbrl,BankIncomeStatementDetailXbrl,lossesOnDisposalOfCreditAssetsMeasuredAtAmortisedCostYtd,losses_on_disposal_of_credit_assets_measured_at__5a617e,tifrs-bsci-basi:LossesOnDisposalOfCreditAssetsMeasuredAtAmortisedCost,
bank_income_statement_detail_xbrl,BankIncomeStatementDetailXbrl,lossesOnDisposalOfFinancialAssetsMeasuredAtFairValueThroughProfitOrLossQuarter,losses_on_disposal_of_financial_assets_measured__c07307,tifrs-bsci-basi:LossesOnDisposalOfFinancialAssetsMeasuredAtFairValueThroughProfitOrLoss,
bank_income_statement_detail_xbrl,BankIncomeStatementDetailXbrl,lossesOnDisposalOfFinancialAssetsMeasuredAtFairValueThroughProfitOrLossYtd,losses_on_disposal_of_financial_assets_measured__1074cd,tifrs-bsci-basi:LossesOnDisposalOfFinancialAssetsMeasuredAtFairValueThroughProfitOrLoss,
bank_income_statement_detail_xbrl,BankIncomeStatementDetailXbrl,lossesOnDisposalOfFinancialLiabilitiesMeasuredAtFairValueThroughProfitOrLossQuarter,losses_on_disposal_of_financial_liabilities_meas_99f832,tifrs-bsci-basi:LossesOnDisposalOfFinancialLiabilitiesMeasuredAtFairValueThroughProfitOrLoss,
bank_income_statement_detail_xbrl,BankIncomeStatementDetailXbrl,lossesOnDisposalOfFinancialLiabilitiesMeasuredAtFairValueThroughProfitOrLossYtd,losses_on_disposal_of_financial_liabilities_meas_1eefc2,tifrs-bsci-basi:LossesOnDisposalOfFinancialLiabilitiesMeasuredAtFairValueThroughProfitOrLoss,
bank_income_statement_detail_xbrl,BankIncomeStatementDetailXbrl,lossesOnDisposalOfInvestmentsInDebtInstrumentsMeasuredAtAmortisedCostQuarter,losses_on_disposal_of_investments_in_debt_instru_04ac47,tifrs-bsci-basi:LossesOnDisposalOfInvestmentsInDebtInstrumentsMeasuredAtAmortisedCost,
bank_income_statement_detail_xbrl,BankIncomeStatementDetailXbrl,lossesOnDisposalOfInvestmentsInDebtInstrumentsMeasuredAtAmortisedCostYtd,losses_on_disposal_of_investments_in_debt_instru_103f94,tifrs-bsci-basi:LossesOnDisposalOfInvestmentsInDebtInstrumentsMeasuredAtAmortisedCost,
bank_income_statement_detail_xbrl,BankIncomeStatementDetailXbrl,lossesOnFinancialAssetsOrLiabilitiesMeasuredAtFairValueThroughProfitOrLossQuarter,losses_on_financial_assets_or_liabilities_measur_c20b4e,tifrs-bsci-basi:LossesOnFinancialAssetsOrLiabilitiesMeasuredAtFairValueThroughProfitOrLoss,
bank_income_statement_detail_xbrl,BankIncomeStatementDetailXbrl,lossesOnFinancialAssetsOrLiabilitiesMeasuredAtFairValueThroughProfitOrLossYtd,losses_on_financial_assets_or_liabilities_measur_ae47c2,tifrs-bsci-basi:LossesOnFinancialAssetsOrLiabilitiesMeasuredAtFairValueThroughProfitOrLoss,
bank_income_statement_detail_xbrl,BankIncomeStatementDetailXbrl,lossesOnSaleOfForeclosedCollateralsQuarter,losses_on_sale_of_foreclosed_collaterals_quarter,tifrs-bsci-basi:LossesOnSaleOfForeclosedCollaterals,
bank_income_statement_detail_xbrl,BankIncomeStatementDetailXbrl,lossesOnSaleOfForeclosedCollateralsYtd,losses_on_sale_of_foreclosed_collaterals_ytd,tifrs-bsci-basi:LossesOnSaleOfForeclosedCollaterals,
bank_income_statement_detail_xbrl,BankIncomeStatementDetailXbrl,netGainLossOnDisposalOfPropertyQuarter,net_gain_loss_on_disposal_of_property_quarter,tifrs-bsci-basi:NetGainLossOnDisposalOfProperty,
bank_income_statement_detail_xbrl,BankIncomeStatementDetailXbrl,netGainLossOnDisposalOfPropertyYtd,net_gain_loss_on_disposal_of_property_ytd,tifrs-bsci-basi:NetGainLossOnDisposalOfProperty,
bank_income_statement_detail_xbrl,BankIncomeStatementDetailXbrl,netGainLossOnSaleOfForeclosedCollateralsQuarter,net_gain_loss_on_sale_of_foreclosed_collaterals_quarter,tifrs-bsci-basi:NetGainLossOnSaleOfForeclosedCollaterals,
bank_income_statement_detail_xbrl,BankIncomeStatementDetailXbrl,netGainLossOnSaleOfForeclosedCollateralsYtd,net_gain_loss_on_sale_of_foreclosed_collaterals_ytd,tifrs-bsci-basi:NetGainLossOnSaleOfForeclosedCollaterals,
bank_income_statement_detail_xbrl,BankIncomeStatementDetailXbrl,netIncomeQuarter,net_income_quarter,tifrs-bsci-basi:NetIncome,
bank_income_statement_detail_xbrl,BankIncomeStatementDetailXbrl,netIncomeYtd,net_income_ytd,tifrs-bsci-basi:NetIncome,
bank_income_statement_detail_xbrl,BankIncomeStatementDetailXbrl,netIncomeLossOfInterestQuarter,net_income_loss_of_interest_quarter,tifrs-bsci-basi:NetIncomeLossOfInterest,
bank_income_statement_detail_xbrl,BankIncomeStatementDetailXbrl,netIncomeLossOfInterestYtd,net_income_loss_of_interest_ytd,tifrs-bsci-basi:NetIncomeLossOfInterest,
bank_income_statement_detail_xbrl,BankIncomeStatementDetailXbrl,netIncomeLossOfRentingOutOperatingAssetsQuarter,net_income_loss_of_renting_out_operating_assets_quarter,tifrs-bsci-basi:NetIncomeLossOfRentingOutOperatingAssets,
bank_income_statement_detail_xbrl,BankIncomeStatementDetailXbrl,netIncomeLossOfRentingOutOperatingAssetsYtd,net_income_loss_of_renting_out_operating_assets_ytd,tifrs-bsci-basi:NetIncomeLossOfRentingOutOperatingAssets,
bank_income_statement_detail_xbrl,BankIncomeStatementDetailXbrl,netNonInterestIncomeLossQuarter,net_non_interest_income_loss_quarter,tifrs-bsci-basi:NetNonInterestIncomeLoss,
bank_income_statement_detail_xbrl,BankIncomeStatementDetailXbrl,netNonInterestIncomeLossYtd,net_non_interest_income_loss_ytd,tifrs-bsci-basi:NetNonInterestIncomeLoss,
bank_income_statement_detail_xbrl,BankIncomeStatementDetailXbrl,netOtherNonInterestIncomeLossQuarter,net_other_non_interest_income_loss_quarter,tifrs-bsci-basi:NetOtherNonInterestIncomeLoss,
bank_income_statement_detail_xbrl,BankIncomeStatementDetailXbrl,netOtherNonInterestIncomeLossYtd,net_other_non_interest_income_loss_ytd,tifrs-bsci-basi:NetOtherNonInterestIncomeLoss,
bank_income_statement_detail_xbrl,BankIncomeStatementDetailXbrl,netSecuritiesBrokeringIncomeQuarter,net_securities_brokering_income_quarter,tifrs-bsci-basi:NetSecuritiesBrokeringIncome,
bank_income_statement_detail_xbrl,BankIncomeStatementDetailXbrl,netSecuritiesBrokeringIncomeYtd,net_securities_brokering_income_ytd,tifrs-bsci-basi:NetSecuritiesBrokeringIncome,
bank_income_statement_detail_xbrl,BankIncomeStatementDetailXbrl,netServiceFeeChargeIncomeLossesQuarter,net_service_fee_charge_income_losses_quarter,tifrs-bsci-basi:NetServiceFeeChargeIncomeLosses,
bank_income_statement_detail_xbrl,BankIncomeStatementDetailXbrl,netServiceFeeChargeIncomeLossesYtd,net_service_fee_charge_income_losses_ytd,tifrs-bsci-basi:NetServiceFeeChargeIncomeLosses,
bank_income_statement_detail_xbrl,BankIncomeStatementDetailXbrl,otherLeaseProfitQuarter,other_lease_profit_quarter,tifrs-bsci-basi:OtherLeaseProfit,
bank_income_statement_detail_xbrl,BankIncomeStatementDetailXbrl,otherLeaseProfitYtd,other_lease_profit_ytd,tifrs-bsci-basi:OtherLeaseProfit,
bank_income_statement_detail_xbrl,BankIncomeStatementDetailXbrl,otherLeaseProfitOrLossesQuarter,other_lease_profit_or_losses_quarter,tifrs-bsci-basi:OtherLeaseProfitOrLosses,
bank_income_statement_detail_xbrl,BankIncomeStatementDetailXbrl,otherLeaseProfitOrLossesYtd,other_lease_profit_or_losses_ytd,tifrs-bsci-basi:OtherLeaseProfitOrLosses,
bank_income_statement_detail_xbrl,BankIncomeStatementDetailXbrl,otherMiscellaneousExpensesQuarter,other_miscellaneous_expenses_quarter,tifrs-bsci-basi:OtherMiscellaneousExpenses,
bank_income_statement_detail_xbrl,BankIncomeStatementDetailXbrl,otherMiscellaneousExpensesYtd,other_miscellaneous_expenses_ytd,tifrs-bsci-basi:OtherMiscellaneousExpenses,
bank_income_statement_detail_xbrl,BankIncomeStatementDetailXbrl,otherMiscellaneousIncomeLossQuarter,other_miscellaneous_income_loss_quarter,tifrs-bsci-basi:OtherMiscellaneousIncomeLoss,
bank_income_statement_detail_xbrl,BankIncomeStatementDetailXbrl,otherMiscellaneousIncomeLossYtd,other_miscellaneous_income_loss_ytd,tifrs-bsci-basi:OtherMiscellaneousIncomeLoss,
bank_income_statement_detail_xbrl,BankIncomeStatementDetailXbrl,otherMiscellaneousIncomesQuarter,other_miscellaneous_incomes_quarter,tifrs-bsci-basi:OtherMiscellaneousIncomes,
bank_income_statement_detail_xbrl,BankIncomeStatementDetailXbrl,otherMiscellaneousIncomesYtd,other_miscellaneous_incomes_ytd,tifrs-bsci-basi:OtherMiscellaneousIncomes,
bank_income_statement_detail_xbrl,BankIncomeStatementDetailXbrl,otherNoninterestIncomeQuarter,other_noninterest_income_quarter,tifrs-bsci-basi:OtherNoninterestIncome,
bank_income_statement_detail_xbrl,BankIncomeStatementDetailXbrl,otherNoninterestIncomeYtd,other_noninterest_income_ytd,tifrs-bsci-basi:OtherNoninterestIncome,
bank_income_statement_detail_xbrl,BankIncomeStatementDetailXbrl,otherNoninterestLossesQuarter,other_noninterest_losses_quarter,tifrs-bsci-basi:OtherNoninterestLosses,
bank_income_statement_detail_xbrl,BankIncomeStatementDetailXbrl,otherNoninterestLossesYtd,other_noninterest_losses_ytd,tifrs-bsci-basi:OtherNoninterestLosses,
bank_income_statement_detail_xbrl,BankIncomeStatementDetailXbrl,otherOperatingAndAdministrativeExpensesQuarter,other_operating_and_administrative_expenses_quarter,tifrs-bsci-basi:OtherOperatingAndAdministrativeExpenses,
bank_income_statement_detail_xbrl,BankIncomeStatementDetailXbrl,otherOperatingAndAdministrativeExpensesYtd,other_operating_and_administrative_expenses_ytd,tifrs-bsci-basi:OtherOperatingAndAdministrativeExpenses,
bank_income_statement_detail_xbrl,BankIncomeStatementDetailXbrl,otherProvisions2Quarter,other_provisions2_quarter,tifrs-bsci-basi:OtherProvisions2,
bank_income_statement_detail_xbrl,BankIncomeStatementDetailXbrl,otherProvisions2Ytd,other_provisions2_ytd,tifrs-bsci-basi:OtherProvisions2,
bank_income_statement_detail_xbrl,BankIncomeStatementDetailXbrl,postemploymentBenefitsQuarter,postemployment_benefits_quarter,tifrs-bsci-basi:PostemploymentBenefits,
bank_income_statement_detail_xbrl,BankIncomeStatementDetailXbrl,postemploymentBenefitsYtd,postemployment_benefits_ytd,tifrs-bsci-basi:PostemploymentBenefits,
bank_income_statement_detail_xbrl,BankIncomeStatementDetailXbrl,profitLossBeforeTaxQuarter,profit_loss_before_tax_quarter,tifrs-bsci-basi:ProfitLossBeforeTax,
bank_income_statement_detail_xbrl,BankIncomeStatementDetailXbrl,profitLossBeforeTaxYtd,profit_loss_before_tax_ytd,tifrs-bsci-basi:ProfitLossBeforeTax,
bank_income_statement_detail_xbrl,BankIncomeStatementDetailXbrl,profitSharingCommissionInvestmentLinkedInsuranceQuarter,profit_sharing_commission_investment_linked_insu_ae5a8f,tifrs-bsci-basi:ProfitSharingCommissionInvestmentLinkedInsurance,
bank_income_statement_detail_xbrl,BankIncomeStatementDetailXbrl,profitSharingCommissionInvestmentLinkedInsuranceYtd,profit_sharing_commission_investment_linked_insu_52991d,tifrs-bsci-basi:ProfitSharingCommissionInvestmentLinkedInsurance,
bank_income_statement_detail_xbrl,BankIncomeStatementDetailXbrl,profitSharingCommissionNonInvestmentLinkedInsuranceQuarter,profit_sharing_commission_non_investment_linked__b1923d,tifrs-bsci-basi:ProfitSharingCommissionNonInvestmentLinkedInsurance,
bank_income_statement_detail_xbrl,BankIncomeStatementDetailXbrl,profitSharingCommissionNonInvestmentLinkedInsuranceYtd,profit_sharing_commission_non_investment_linked__d63d66,tifrs-bsci-basi:ProfitSharingCommissionNonInvestmentLinkedInsurance,
bank_income_statement_detail_xbrl,BankIncomeStatementDetailXbrl,profitSharingCommissionNonLifeInsuranceQuarter,profit_sharing_commission_non_life_insurance_quarter,tifrs-bsci-basi:ProfitSharingCommissionNonLifeInsurance,
bank_income_statement_detail_xbrl,BankIncomeStatementDetailXbrl,profitSharingCommissionNonLifeInsuranceYtd,profit_sharing_commission_non_life_insurance_ytd,tifrs-bsci-basi:ProfitSharingCommissionNonLifeInsurance,
bank_income_statement_detail_xbrl,BankIncomeStatementDetailXbrl,provisionAndBadDebtsExpenseOfGuaranteeLiabilityQuarter,provision_and_bad_debts_expense_of_guarantee_lia_f3cfa6,tifrs-bsci-basi:ProvisionAndBadDebtsExpenseOfGuaranteeLiability,
bank_income_statement_detail_xbrl,BankIncomeStatementDetailXbrl,provisionAndBadDebtsExpenseOfGuaranteeLiabilityYtd,provision_and_bad_debts_expense_of_guarantee_lia_08f597,tifrs-bsci-basi:ProvisionAndBadDebtsExpenseOfGuaranteeLiability,
bank_income_statement_detail_xbrl,BankIncomeStatementDetailXbrl,provisionForLoanCommitmentsQuarter,provision_for_loan_commitments_quarter,tifrs-bsci-basi:ProvisionForLoanCommitments,
bank_income_statement_detail_xbrl,BankIncomeStatementDetailXbrl,provisionForLoanCommitmentsYtd,provision_for_loan_commitments_ytd,tifrs-bsci-basi:ProvisionForLoanCommitments,
bank_income_statement_detail_xbrl,BankIncomeStatementDetailXbrl,realizedGainLossOnFinancialAssetsAtFairValueThroughOtherComprehensiveIncomeQuarter,realized_gain_loss_on_financial_assets_at_fair_v_800357,tifrs-bsci-basi:RealizedGainLossOnFinancialAssetsAtFairValueThroughOtherComprehensiveIncome,
bank_income_statement_detail_xbrl,BankIncomeStatementDetailXbrl,realizedGainLossOnFinancialAssetsAtFairValueThroughOtherComprehensiveIncomeYtd,realized_gain_loss_on_financial_assets_at_fair_v_a790f7,tifrs-bsci-basi:RealizedGainLossOnFinancialAssetsAtFairValueThroughOtherComprehensiveIncome,
bank_income_statement_detail_xbrl,BankIncomeStatementDetailXbrl,realizedGainsOnFinancialAssetsAtFairValueThroughOtherComprehensiveIncomeQuarter,realized_gains_on_financial_assets_at_fair_value_c4ebc1,tifrs-bsci-basi:RealizedGainsOnFinancialAssetsAtFairValueThroughOtherComprehensiveIncome,
bank_income_statement_detail_xbrl,BankIncomeStatementDetailXbrl,realizedGainsOnFinancialAssetsAtFairValueThroughOtherComprehensiveIncomeYtd,realized_gains_on_financial_assets_at_fair_value_c269fe,tifrs-bsci-basi:RealizedGainsOnFinancialAssetsAtFairValueThroughOtherComprehensiveIncome,
bank_income_statement_detail_xbrl,BankIncomeStatementDetailXbrl,realizedLossesOnFinancialAssetsAtFairValueThroughOtherComprehensiveIncomeQuarter,realized_losses_on_financial_assets_at_fair_valu_d2b5c9,tifrs-bsci-basi:RealizedLossesOnFinancialAssetsAtFairValueThroughOtherComprehensiveIncome,
bank_income_statement_detail_xbrl,BankIncomeStatementDetailXbrl,realizedLossesOnFinancialAssetsAtFairValueThroughOtherComprehensiveIncomeYtd,realized_losses_on_financial_assets_at_fair_valu_c32abd,tifrs-bsci-basi:RealizedLossesOnFinancialAssetsAtFairValueThroughOtherComprehensiveIncome,
bank_income_statement_detail_xbrl,BankIncomeStatementDetailXbrl,refundFromCreditCardAssociationsQuarter,refund_from_credit_card_associations_quarter,tifrs-bsci-basi:RefundFromCreditCardAssociations,
bank_income_statement_detail_xbrl,BankIncomeStatementDetailXbrl,refundFromCreditCardAssociationsYtd,refund_from_credit_card_associations_ytd,tifrs-bsci-basi:RefundFromCreditCardAssociations,
bank_income_statement_detail_xbrl,BankIncomeStatementDetailXbrl,rentalIncomeOtherNoninterestIncomeQuarter,rental_income_other_noninterest_income_quarter,tifrs-bsci-basi:RentalIncome-OtherNoninterestIncome,
bank_income_statement_detail_xbrl,BankIncomeStatementDetailXbrl,rentalIncomeOtherNoninterestIncomeYtd,rental_income_other_noninterest_income_ytd,tifrs-bsci-basi:RentalIncome-OtherNoninterestIncome,
bank_income_statement_detail_xbrl,BankIncomeStatementDetailXbrl,revaluationGainsLossesFromInvestmentsInDebtInstrumentsMeasuredAtFairValueThroughOtherComprehensiveIncomeQuarter,revaluation_gains_losses_from_investments_in_deb_20f3ec,tifrs-bsci-basi:RevaluationGainsLossesFromInvestmentsInDebtInstrumentsMeasuredAtFairValueThroughOtherComprehensiveIncome,
bank_income_statement_detail_xbrl,BankIncomeStatementDetailXbrl,revaluationGainsLossesFromInvestmentsInDebtInstrumentsMeasuredAtFairValueThroughOtherComprehensiveIncomeYtd,revaluation_gains_losses_from_investments_in_deb_fdb061,tifrs-bsci-basi:RevaluationGainsLossesFromInvestmentsInDebtInstrumentsMeasuredAtFairValueThroughOtherComprehensiveIncome,
bank_income_statement_detail_xbrl,BankIncomeStatementDetailXbrl,revaluationGainsOnFinancialAssetsMeasuredAtFairValueThroughProfitOrLossQuarter,revaluation_gains_on_financial_assets_measured_a_36ac68,tifrs-bsci-basi:RevaluationGainsOnFinancialAssetsMeasuredAtFairValueThroughProfitOrLoss,
bank_income_statement_detail_xbrl,BankIncomeStatementDetailXbrl,revaluationGainsOnFinancialAssetsMeasuredAtFairValueThroughProfitOrLossYtd,revaluation_gains_on_financial_assets_measured_a_ebbee4,tifrs-bsci-basi:RevaluationGainsOnFinancialAssetsMeasuredAtFairValueThroughProfitOrLoss,
bank_income_statement_detail_xbrl,BankIncomeStatementDetailXbrl,revaluationGainsOnFinancialLiabilitiesMeasuredAtFairValueThroughProfitOrLossQuarter,revaluation_gains_on_financial_liabilities_measu_4fc328,tifrs-bsci-basi:RevaluationGainsOnFinancialLiabilitiesMeasuredAtFairValueThroughProfitOrLoss,
bank_income_statement_detail_xbrl,BankIncomeStatementDetailXbrl,revaluationGainsOnFinancialLiabilitiesMeasuredAtFairValueThroughProfitOrLossYtd,revaluation_gains_on_financial_liabilities_measu_5748ae,tifrs-bsci-basi:RevaluationGainsOnFinancialLiabilitiesMeasuredAtFairValueThroughProfitOrLoss,
bank_income_statement_detail_xbrl,BankIncomeStatementDetailXbrl,revaluationLossesOnFinancialAssetsMeasuredAtFairValueThroughProfitOrLossQuarter,revaluation_losses_on_financial_assets_measured__2e52ef,tifrs-bsci-basi:RevaluationLossesOnFinancialAssetsMeasuredAtFairValueThroughProfitOrLoss,
bank_income_statement_detail_xbrl,BankIncomeStatementDetailXbrl,revaluationLossesOnFinancialAssetsMeasuredAtFairValueThroughProfitOrLossYtd,revaluation_losses_on_financial_assets_measured__30cf32,tifrs-bsci-basi:RevaluationLossesOnFinancialAssetsMeasuredAtFairValueThroughProfitOrLoss,
bank_income_statement_detail_xbrl,BankIncomeStatementDetailXbrl,revaluationLossesOnFinancialLiabilitiesMeasuredAtFairValueThroughProfitOrLossQuarter,revaluation_losses_on_financial_liabilities_meas_be940e,tifrs-bsci-basi:RevaluationLossesOnFinancialLiabilitiesMeasuredAtFairValueThroughProfitOrLoss,
bank_income_statement_detail_xbrl,BankIncomeStatementDetailXbrl,revaluationLossesOnFinancialLiabilitiesMeasuredAtFairValueThroughProfitOrLossYtd,revaluation_losses_on_financial_liabilities_meas_11f448,tifrs-bsci-basi:RevaluationLossesOnFinancialLiabilitiesMeasuredAtFairValueThroughProfitOrLoss,
bank_income_statement_detail_xbrl,BankIncomeStatementDetailXbrl,reversalOfImpairmentLossImpairmentLossFromInvestmentsInDebtInstrumentsMeasuredAtFairValueThroughOtherComprehensiveIncomeQuarter,reversal_of_impairment_loss_impairment_loss_from_4cb7de,tifrs-bsci-basi:ReversalOfImpairmentLossImpairmentLossFromInvestmentsInDebtInstrumentsMeasuredAtFairValueThroughOtherComprehensiveIncome,
bank_income_statement_detail_xbrl,BankIncomeStatementDetailXbrl,reversalOfImpairmentLossImpairmentLossFromInvestmentsInDebtInstrumentsMeasuredAtFairValueThroughOtherComprehensiveIncomeYtd,reversal_of_impairment_loss_impairment_loss_from_efea46,tifrs-bsci-basi:ReversalOfImpairmentLossImpairmentLossFromInvestmentsInDebtInstrumentsMeasuredAtFairValueThroughOtherComprehensiveIncome,
bank_income_statement_detail_xbrl,BankIncomeStatementDetailXbrl,reversalOfImpairmentLossOnCollateralsQuarter,reversal_of_impairment_loss_on_collaterals_quarter,tifrs-bsci-basi:ReversalOfImpairmentLossOnCollaterals,
bank_income_statement_detail_xbrl,BankIncomeStatementDetailXbrl,reversalOfImpairmentLossOnCollateralsYtd,reversal_of_impairment_loss_on_collaterals_ytd,tifrs-bsci-basi:ReversalOfImpairmentLossOnCollaterals,
bank_income_statement_detail_xbrl,BankIncomeStatementDetailXbrl,reversalOfImpairmentLossOnInvestmentsInDebtInstrumentsMeasuredAtAmortisedCostQuarter,reversal_of_impairment_loss_on_investments_in_de_9d2aa0,tifrs-bsci-basi:ReversalOfImpairmentLossOnInvestmentsInDebtInstrumentsMeasuredAtAmortisedCost,
bank_income_statement_detail_xbrl,BankIncomeStatementDetailXbrl,reversalOfImpairmentLossOnInvestmentsInDebtInstrumentsMeasuredAtAmortisedCostYtd,reversal_of_impairment_loss_on_investments_in_de_52c108,tifrs-bsci-basi:ReversalOfImpairmentLossOnInvestmentsInDebtInstrumentsMeasuredAtAmortisedCost,
bank_income_statement_detail_xbrl,BankIncomeStatementDetailXbrl,reversalOfImpairmentLossOnInvestmentsInDebtInstrumentsMeasuredAtFairValueThroughOtherComprehensiveIncomeQuarter,reversal_of_impairment_loss_on_investments_in_de_cf4de4,tifrs-bsci-basi:ReversalOfImpairmentLossOnInvestmentsInDebtInstrumentsMeasuredAtFairValueThroughOtherComprehensiveIncome,
bank_income_statement_detail_xbrl,BankIncomeStatementDetailXbrl,reversalOfImpairmentLossOnInvestmentsInDebtInstrumentsMeasuredAtFairValueThroughOtherComprehensiveIncomeYtd,reversal_of_impairment_loss_on_investments_in_de_32f515,tifrs-bsci-basi:ReversalOfImpairmentLossOnInvestmentsInDebtInstrumentsMeasuredAtFairValueThroughOtherComprehensiveIncome,
bank_income_statement_detail_xbrl,BankIncomeStatementDetailXbrl,securitiesBrokeringExpenseQuarter,securities_brokering_expense_quarter,tifrs-bsci-basi:SecuritiesBrokeringExpense,
bank_income_statement_detail_xbrl,BankIncomeStatementDetailXbrl,securitiesBrokeringExpenseYtd,securities_brokering_expense_ytd,tifrs-bsci-basi:SecuritiesBrokeringExpense,
bank_income_statement_detail_xbrl,BankIncomeStatementDetailXbrl,securitiesBrokeringIncomeQuarter,securities_brokering_income_quarter,tifrs-bsci-basi:SecuritiesBrokeringIncome,
bank_income_statement_detail_xbrl,BankIncomeStatementDetailXbrl,securitiesBrokeringIncomeYtd,securities_brokering_income_ytd,tifrs-bsci-basi:SecuritiesBrokeringIncome,
bank_income_statement_detail_xbrl,BankIncomeStatementDetailXbrl,securitiesProprietaryExpenseQuarter,securities_proprietary_expense_quarter,tifrs-bsci-basi:SecuritiesProprietaryExpense,
bank_income_statement_detail_xbrl,BankIncomeStatementDetailXbrl,securitiesProprietaryExpenseYtd,securities_proprietary_expense_ytd,tifrs-bsci-basi:SecuritiesProprietaryExpense,
bank_income_statement_detail_xbrl,BankIncomeStatementDetailXbrl,securitiesProprietaryExpenseOtherNoninterestLossesQuarter,securities_proprietary_expense_other_noninterest_f7265c,tifrs-bsci-basi:SecuritiesProprietaryExpense-OtherNoninterestLosses,
bank_income_statement_detail_xbrl,BankIncomeStatementDetailXbrl,securitiesProprietaryExpenseOtherNoninterestLossesYtd,securities_proprietary_expense_other_noninterest_e5dbbf,tifrs-bsci-basi:SecuritiesProprietaryExpense-OtherNoninterestLosses,
bank_income_statement_detail_xbrl,BankIncomeStatementDetailXbrl,serviceChargeARFactoringQuarter,service_charge_a_r_factoring_quarter,tifrs-bsci-basi:ServiceChargeARFactoring,
bank_income_statement_detail_xbrl,BankIncomeStatementDetailXbrl,serviceChargeARFactoringYtd,service_charge_a_r_factoring_ytd,tifrs-bsci-basi:ServiceChargeARFactoring,
bank_income_statement_detail_xbrl,BankIncomeStatementDetailXbrl,serviceChargeCustodianQuarter,service_charge_custodian_quarter,tifrs-bsci-basi:ServiceChargeCustodian,
bank_income_statement_detail_xbrl,BankIncomeStatementDetailXbrl,serviceChargeCustodianYtd,service_charge_custodian_ytd,tifrs-bsci-basi:ServiceChargeCustodian,
bank_income_statement_detail_xbrl,BankIncomeStatementDetailXbrl,serviceChargeInterbankQuarter,service_charge_interbank_quarter,tifrs-bsci-basi:ServiceChargeInterbank,
bank_income_statement_detail_xbrl,BankIncomeStatementDetailXbrl,serviceChargeInterbankYtd,service_charge_interbank_ytd,tifrs-bsci-basi:ServiceChargeInterbank,
bank_income_statement_detail_xbrl,BankIncomeStatementDetailXbrl,serviceChargeOthersQuarter,service_charge_others_quarter,tifrs-bsci-basi:ServiceChargeOthers,
bank_income_statement_detail_xbrl,BankIncomeStatementDetailXbrl,serviceChargeOthersYtd,service_charge_others_ytd,tifrs-bsci-basi:ServiceChargeOthers,
bank_income_statement_detail_xbrl,BankIncomeStatementDetailXbrl,serviceChargeRemittancesQuarter,service_charge_remittances_quarter,tifrs-bsci-basi:ServiceChargeRemittances,
bank_income_statement_detail_xbrl,BankIncomeStatementDetailXbrl,serviceChargeRemittancesYtd,service_charge_remittances_ytd,tifrs-bsci-basi:ServiceChargeRemittances,
bank_income_statement_detail_xbrl,BankIncomeStatementDetailXbrl,serviceChargeTrustQuarter,service_charge_trust_quarter,tifrs-bsci-basi:ServiceChargeTrust,
bank_income_statement_detail_xbrl,BankIncomeStatementDetailXbrl,serviceChargeTrustYtd,service_charge_trust_ytd,tifrs-bsci-basi:ServiceChargeTrust,
bank_income_statement_detail_xbrl,BankIncomeStatementDetailXbrl,serviceFeeAcceptancesQuarter,service_fee_acceptances_quarter,tifrs-bsci-basi:ServiceFeeAcceptances,
bank_income_statement_detail_xbrl,BankIncomeStatementDetailXbrl,serviceFeeAcceptancesYtd,service_fee_acceptances_ytd,tifrs-bsci-basi:ServiceFeeAcceptances,
bank_income_statement_detail_xbrl,BankIncomeStatementDetailXbrl,serviceFeeAccountsReceivableFactoringQuarter,service_fee_accounts_receivable_factoring_quarter,tifrs-bsci-basi:ServiceFeeAccountsReceivableFactoring,
bank_income_statement_detail_xbrl,BankIncomeStatementDetailXbrl,serviceFeeAccountsReceivableFactoringYtd,service_fee_accounts_receivable_factoring_ytd,tifrs-bsci-basi:ServiceFeeAccountsReceivableFactoring,
bank_income_statement_detail_xbrl,BankIncomeStatementDetailXbrl,serviceFeeAgencyQuarter,service_fee_agency_quarter,tifrs-bsci-basi:ServiceFeeAgency,
bank_income_statement_detail_xbrl,BankIncomeStatementDetailXbrl,serviceFeeAgencyYtd,service_fee_agency_ytd,tifrs-bsci-basi:ServiceFeeAgency,
bank_income_statement_detail_xbrl,BankIncomeStatementDetailXbrl,serviceFeeBusinessOfElectronicPaymentInstitutionQuarter,service_fee_business_of_electronic_payment_insti_cb034e,tifrs-bsci-basi:ServiceFeeBusinessOfElectronicPaymentInstitution,
bank_income_statement_detail_xbrl,BankIncomeStatementDetailXbrl,serviceFeeBusinessOfElectronicPaymentInstitutionYtd,service_fee_business_of_electronic_payment_insti_1e7cff,tifrs-bsci-basi:ServiceFeeBusinessOfElectronicPaymentInstitution,
bank_income_statement_detail_xbrl,BankIncomeStatementDetailXbrl,serviceFeeConsumerLoanQuarter,service_fee_consumer_loan_quarter,tifrs-bsci-basi:ServiceFeeConsumerLoan,
bank_income_statement_detail_xbrl,BankIncomeStatementDetailXbrl,serviceFeeConsumerLoanYtd,service_fee_consumer_loan_ytd,tifrs-bsci-basi:ServiceFeeConsumerLoan,
bank_income_statement_detail_xbrl,BankIncomeStatementDetailXbrl,serviceFeeCreditCardsQuarter,service_fee_credit_cards_quarter,tifrs-bsci-basi:ServiceFeeCreditCards,
bank_income_statement_detail_xbrl,BankIncomeStatementDetailXbrl,serviceFeeCreditCardsYtd,service_fee_credit_cards_ytd,tifrs-bsci-basi:ServiceFeeCreditCards,
bank_income_statement_detail_xbrl,BankIncomeStatementDetailXbrl,serviceFeeCreditCardsAcquiringFeeQuarter,service_fee_credit_cards_acquiring_fee_quarter,tifrs-bsci-basi:ServiceFeeCreditCardsAcquiringFee,
bank_income_statement_detail_xbrl,BankIncomeStatementDetailXbrl,serviceFeeCreditCardsAcquiringFeeYtd,service_fee_credit_cards_acquiring_fee_ytd,tifrs-bsci-basi:ServiceFeeCreditCardsAcquiringFee,
bank_income_statement_detail_xbrl,BankIncomeStatementDetailXbrl,serviceFeeCreditCardsAnnualFeeQuarter,service_fee_credit_cards_annual_fee_quarter,tifrs-bsci-basi:ServiceFeeCreditCardsAnnualFee,
bank_income_statement_detail_xbrl,BankIncomeStatementDetailXbrl,serviceFeeCreditCardsAnnualFeeYtd,service_fee_credit_cards_annual_fee_ytd,tifrs-bsci-basi:ServiceFeeCreditCardsAnnualFee,
bank_income_statement_detail_xbrl,BankIncomeStatementDetailXbrl,serviceFeeCreditCardsInterchangeFeeQuarter,service_fee_credit_cards_interchange_fee_quarter,tifrs-bsci-basi:ServiceFeeCreditCardsInterchangeFee,
bank_income_statement_detail_xbrl,BankIncomeStatementDetailXbrl,serviceFeeCreditCardsInterchangeFeeYtd,service_fee_credit_cards_interchange_fee_ytd,tifrs-bsci-basi:ServiceFeeCreditCardsInterchangeFee,
bank_income_statement_detail_xbrl,BankIncomeStatementDetailXbrl,serviceFeeGuaranteeQuarter,service_fee_guarantee_quarter,tifrs-bsci-basi:ServiceFeeGuarantee,
bank_income_statement_detail_xbrl,BankIncomeStatementDetailXbrl,serviceFeeGuaranteeYtd,service_fee_guarantee_ytd,tifrs-bsci-basi:ServiceFeeGuarantee,
bank_income_statement_detail_xbrl,BankIncomeStatementDetailXbrl,serviceFeeImportAndExportQuarter,service_fee_import_and_export_quarter,tifrs-bsci-basi:ServiceFeeImportAndExport,
bank_income_statement_detail_xbrl,BankIncomeStatementDetailXbrl,serviceFeeImportAndExportYtd,service_fee_import_and_export_ytd,tifrs-bsci-basi:ServiceFeeImportAndExport,
bank_income_statement_detail_xbrl,BankIncomeStatementDetailXbrl,serviceFeeInterbankQuarter,service_fee_interbank_quarter,tifrs-bsci-basi:ServiceFeeInterbank,
bank_income_statement_detail_xbrl,BankIncomeStatementDetailXbrl,serviceFeeInterbankYtd,service_fee_interbank_ytd,tifrs-bsci-basi:ServiceFeeInterbank,
bank_income_statement_detail_xbrl,BankIncomeStatementDetailXbrl,serviceFeeLetterOfCreditQuarter,service_fee_letter_of_credit_quarter,tifrs-bsci-basi:ServiceFeeLetterOfCredit,
bank_income_statement_detail_xbrl,BankIncomeStatementDetailXbrl,serviceFeeLetterOfCreditYtd,service_fee_letter_of_credit_ytd,tifrs-bsci-basi:ServiceFeeLetterOfCredit,
bank_income_statement_detail_xbrl,BankIncomeStatementDetailXbrl,serviceFeeLoanQuarter,service_fee_loan_quarter,tifrs-bsci-basi:ServiceFeeLoan,
bank_income_statement_detail_xbrl,BankIncomeStatementDetailXbrl,serviceFeeLoanYtd,service_fee_loan_ytd,tifrs-bsci-basi:ServiceFeeLoan,
bank_income_statement_detail_xbrl,BankIncomeStatementDetailXbrl,serviceFeeOthersQuarter,service_fee_others_quarter,tifrs-bsci-basi:ServiceFeeOthers,
bank_income_statement_detail_xbrl,BankIncomeStatementDetailXbrl,serviceFeeOthersYtd,service_fee_others_ytd,tifrs-bsci-basi:ServiceFeeOthers,
bank_income_statement_detail_xbrl,BankIncomeStatementDetailXbrl,serviceFeeRemittancesQuarter,service_fee_remittances_quarter,tifrs-bsci-basi:ServiceFeeRemittances,
bank_income_statement_detail_xbrl,BankIncomeStatementDetailXbrl,serviceFeeRemittancesYtd,service_fee_remittances_ytd,tifrs-bsci-basi:ServiceFeeRemittances,
bank_income_statement_detail_xbrl,BankIncomeStatementDetailXbrl,serviceFeeTrustQuarter,service_fee_trust_quarter,tifrs-bsci-basi:ServiceFeeTrust,
bank_income_statement_detail_xbrl,BankIncomeStatementDetailXbrl,serviceFeeTrustYtd,service_fee_trust_ytd,tifrs-bsci-basi:ServiceFeeTrust,
bank_income_statement_detail_xbrl,BankIncomeStatementDetailXbrl,serviceFeeTrustAffiliatedQuarter,service_fee_trust_affiliated_quarter,tifrs-bsci-basi:ServiceFeeTrustAffiliated,
bank_income_statement_detail_xbrl,BankIncomeStatementDetailXbrl,serviceFeeTrustAffiliatedYtd,service_fee_trust_affiliated_ytd,tifrs-bsci-basi:ServiceFeeTrustAffiliated,
bank_income_statement_detail_xbrl,BankIncomeStatementDetailXbrl,serviceFeeTrustAffiliatedCustodyServicesQuarter,service_fee_trust_affiliated_custody_services_quarter,tifrs-bsci-basi:ServiceFeeTrustAffiliatedCustodyServices,
bank_income_statement_detail_xbrl,BankIncomeStatementDetailXbrl,serviceFeeTrustAffiliatedCustodyServicesYtd,service_fee_trust_affiliated_custody_services_ytd,tifrs-bsci-basi:ServiceFeeTrustAffiliatedCustodyServices,
bank_income_statement_detail_xbrl,BankIncomeStatementDetailXbrl,serviceFeeTrustMutualFundQuarter,service_fee_trust_mutual_fund_quarter,tifrs-bsci-basi:ServiceFeeTrustMutualFund,
bank_income_statement_detail_xbrl,BankIncomeStatementDetailXbrl,serviceFeeTrustMutualFundYtd,service_fee_trust_mutual_fund_ytd,tifrs-bsci-basi:ServiceFeeTrustMutualFund,
bank_income_statement_detail_xbrl,BankIncomeStatementDetailXbrl,serviceFeeUnderwritingQuarter,service_fee_underwriting_quarter,tifrs-bsci-basi:ServiceFeeUnderwriting,
bank_income_statement_detail_xbrl,BankIncomeStatementDetailXbrl,serviceFeeUnderwritingYtd,service_fee_underwriting_ytd,tifrs-bsci-basi:ServiceFeeUnderwriting,
bank_income_statement_detail_xbrl,BankIncomeStatementDetailXbrl,structuredNotesInterestExpenseQuarter,structured_notes_interest_expense_quarter,tifrs-bsci-basi:StructuredNotesInterestExpense,
bank_income_statement_detail_xbrl,BankIncomeStatementDetailXbrl,structuredNotesInterestExpenseYtd,structured_notes_interest_expense_ytd,tifrs-bsci-basi:StructuredNotesInterestExpense,
bank_income_statement_detail_xbrl,BankIncomeStatementDetailXbrl,taxIncomeExpenseRelatedToComponentsOfNetIncomeQuarter,tax_income_expense_related_to_components_of_net__0c2af7,tifrs-bsci-basi:TaxIncomeExpenseRelatedToComponentsOfNetIncome,
bank_income_statement_detail_xbrl,BankIncomeStatementDetailXbrl,taxIncomeExpenseRelatedToComponentsOfNetIncomeYtd,tax_income_expense_related_to_components_of_net__7b21ee,tifrs-bsci-basi:TaxIncomeExpenseRelatedToComponentsOfNetIncome,
bank_income_statement_detail_xbrl,BankIncomeStatementDetailXbrl,totalComprehensiveIncomeBeforeTaxQuarter,total_comprehensive_income_before_tax_quarter,tifrs-bsci-basi:TotalComprehensiveIncomeBeforeTax,
bank_income_statement_detail_xbrl,BankIncomeStatementDetailXbrl,totalComprehensiveIncomeBeforeTaxYtd,total_comprehensive_income_before_tax_ytd,tifrs-bsci-basi:TotalComprehensiveIncomeBeforeTax,
bank_income_statement_detail_xbrl,BankIncomeStatementDetailXbrl,rawContextRef,raw_context_ref,,
bank_income_statement_detail_xbrl,BankIncomeStatementDetailXbrl,createdAt,created_at,,
bank_income_statement_detail_xbrl,BankIncomeStatementDetailXbrl,updatedAt,updated_at,,
bank_cash_flow_detail_xbrl,BankCashFlowDetailXbrl,symbol,symbol,,
bank_cash_flow_detail_xbrl,BankCashFlowDetailXbrl,year,year,,
bank_cash_flow_detail_xbrl,BankCashFlowDetailXbrl,quarter,quarter,,
bank_cash_flow_detail_xbrl,BankCashFlowDetailXbrl,dataType,data_type,,
bank_cash_flow_detail_xbrl,BankCashFlowDetailXbrl,subsidiaryCompanyId,subsidiary_company_id,,
bank_cash_flow_detail_xbrl,BankCashFlowDetailXbrl,reportDate,report_date,,
bank_cash_flow_detail_xbrl,BankCashFlowDetailXbrl,adjustmentsForDecreaseIncreaseInLoansAndAdvancesToBanks,adjustments_for_decrease_increase_in_loans_and_a_95dfb6,ifrs-full:AdjustmentsForDecreaseIncreaseInLoansAndAdvancesToBanks,
bank_cash_flow_detail_xbrl,BankCashFlowDetailXbrl,adjustmentsForDecreaseIncreaseInLoansAndAdvancesToCustomers,adjustments_for_decrease_increase_in_loans_and_a_f79cd2,ifrs-full:AdjustmentsForDecreaseIncreaseInLoansAndAdvancesToCustomers,
bank_cash_flow_detail_xbrl,BankCashFlowDetailXbrl,adjustmentsForDecreaseIncreaseInOtherAssets,adjustments_for_decrease_increase_in_other_assets,ifrs-full:AdjustmentsForDecreaseIncreaseInOtherAssets,
bank_cash_flow_detail_xbrl,BankCashFlowDetailXbrl,adjustmentsForIncreaseDecreaseInDepositsFromBanks,adjustments_for_increase_decrease_in_deposits_fr_74c49b,ifrs-full:AdjustmentsForIncreaseDecreaseInDepositsFromBanks,
bank_cash_flow_detail_xbrl,BankCashFlowDetailXbrl,adjustmentsForIncreaseDecreaseInDepositsFromCustomers,adjustments_for_increase_decrease_in_deposits_fr_ff3f38,ifrs-full:AdjustmentsForIncreaseDecreaseInDepositsFromCustomers,
bank_cash_flow_detail_xbrl,BankCashFlowDetailXbrl,adjustmentsForIncreaseDecreaseInOtherLiabilities,adjustments_for_increase_decrease_in_other_liabilities,ifrs-full:AdjustmentsForIncreaseDecreaseInOtherLiabilities,
bank_cash_flow_detail_xbrl,BankCashFlowDetailXbrl,dividendsReceivedClassifiedAsOperatingActivities,dividends_received_classified_as_operating_activities,ifrs-full:DividendsReceivedClassifiedAsOperatingActivities,
bank_cash_flow_detail_xbrl,BankCashFlowDetailXbrl,interestReceivedClassifiedAsOperatingActivities,interest_received_classified_as_operating_activities,ifrs-full:InterestReceivedClassifiedAsOperatingActivities,
bank_cash_flow_detail_xbrl,BankCashFlowDetailXbrl,adjustments,adjustments,tifrs-SCF:Adjustments,
bank_cash_flow_detail_xbrl,BankCashFlowDetailXbrl,adjustmentsToReconcileProfitLoss,adjustments_to_reconcile_profit_loss,tifrs-SCF:AdjustmentsToReconcileProfitLoss,
bank_cash_flow_detail_xbrl,BankCashFlowDetailXbrl,changesInOperatingAssets,changes_in_operating_assets,tifrs-SCF:ChangesInOperatingAssets,
bank_cash_flow_detail_xbrl,BankCashFlowDetailXbrl,changesInOperatingAssetsAndLiabilities,changes_in_operating_assets_and_liabilities,tifrs-SCF:ChangesInOperatingAssetsAndLiabilities,
bank_cash_flow_detail_xbrl,BankCashFlowDetailXbrl,changesInOperatingLiabilities,changes_in_operating_liabilities,tifrs-SCF:ChangesInOperatingLiabilities,
bank_cash_flow_detail_xbrl,BankCashFlowDetailXbrl,decreaseIncreaseInFinancialAssetsAtFairValueThroughOtherComprehensiveIncome,decrease_increase_in_financial_assets_at_fair_va_7a5832,tifrs-SCF:DecreaseIncreaseInFinancialAssetsAtFairValueThroughOtherComprehensiveIncome,
bank_cash_flow_detail_xbrl,BankCashFlowDetailXbrl,decreaseIncreaseInFinancialAssetsAtFairValueThroughProfitOrLoss,decrease_increase_in_financial_assets_at_fair_va_78ae93,tifrs-SCF:DecreaseIncreaseInFinancialAssetsAtFairValueThroughProfitOrLoss,
bank_cash_flow_detail_xbrl,BankCashFlowDetailXbrl,decreaseIncreaseInInvestmentsInDebtInstrumentsMeasuredAtAmortisedCost,decrease_increase_in_investments_in_debt_instrum_391b8b,tifrs-SCF:DecreaseIncreaseInInvestmentsInDebtInstrumentsMeasuredAtAmortisedCost,
bank_cash_flow_detail_xbrl,BankCashFlowDetailXbrl,decreaseIncreaseInReceivables,decrease_increase_in_receivables,tifrs-SCF:DecreaseIncreaseInReceivables,
bank_cash_flow_detail_xbrl,BankCashFlowDetailXbrl,increaseDecreaseInFinancialLiabilitiesAtFairValueThroughProfitOrLoss,increase_decrease_in_financial_liabilities_at_fa_a10cf6,tifrs-SCF:IncreaseDecreaseInFinancialLiabilitiesAtFairValueThroughProfitOrLoss,
bank_cash_flow_detail_xbrl,BankCashFlowDetailXbrl,increaseDecreaseInOtherFinancialLiabilities,increase_decrease_in_other_financial_liabilities,tifrs-SCF:IncreaseDecreaseInOtherFinancialLiabilities,
bank_cash_flow_detail_xbrl,BankCashFlowDetailXbrl,increaseDecreaseInPayables,increase_decrease_in_payables,tifrs-SCF:IncreaseDecreaseInPayables,
bank_cash_flow_detail_xbrl,BankCashFlowDetailXbrl,increaseDecreaseInProvisionsForEmployeeBenefits,increase_decrease_in_provisions_for_employee_benefits,tifrs-SCF:IncreaseDecreaseInProvisionsForEmployeeBenefits,
bank_cash_flow_detail_xbrl,BankCashFlowDetailXbrl,increaseInDueToTheCentralBankAndBanks,increase_in_due_to_the_central_bank_and_banks,tifrs-SCF:IncreaseInDueToTheCentralBankAndBanks,
bank_cash_flow_detail_xbrl,BankCashFlowDetailXbrl,increaseInNotesAndBondsIssuedUnderRepurchaseAgreement,increase_in_notes_and_bonds_issued_under_repurch_32b0f8,tifrs-SCF:IncreaseInNotesAndBondsIssuedUnderRepurchaseAgreement,
bank_cash_flow_detail_xbrl,BankCashFlowDetailXbrl,lossGainOnDisposalOfInvestments,loss_gain_on_disposal_of_investments,tifrs-SCF:LossGainOnDisposalOfInvestments,
bank_cash_flow_detail_xbrl,BankCashFlowDetailXbrl,netCashFlowsFromUsedInInvestingActivities,net_cash_flows_from_used_in_investing_activities,tifrs-SCF:NetCashFlowsFromUsedInInvestingActivities,
bank_cash_flow_detail_xbrl,BankCashFlowDetailXbrl,netChangeInOtherProvisions,net_change_in_other_provisions,tifrs-SCF:NetChangeInOtherProvisions,
bank_cash_flow_detail_xbrl,BankCashFlowDetailXbrl,netChangeInProvisionsForGuaranteeLiabilities,net_change_in_provisions_for_guarantee_liabilities,tifrs-SCF:NetChangeInProvisionsForGuaranteeLiabilities,
bank_cash_flow_detail_xbrl,BankCashFlowDetailXbrl,proceedsFromIssuingBankNotesPayable,proceeds_from_issuing_bank_notes_payable,tifrs-SCF:ProceedsFromIssuingBankNotesPayable,
bank_cash_flow_detail_xbrl,BankCashFlowDetailXbrl,profitLossBeforeTax,profit_loss_before_tax,tifrs-SCF:ProfitLossBeforeTax,
bank_cash_flow_detail_xbrl,BankCashFlowDetailXbrl,repaymentsOfBankNotesPayable,repayments_of_bank_notes_payable,tifrs-SCF:RepaymentsOfBankNotesPayable,
bank_cash_flow_detail_xbrl,BankCashFlowDetailXbrl,rawContextRef,raw_context_ref,,
bank_cash_flow_detail_xbrl,BankCashFlowDetailXbrl,createdAt,created_at,,
bank_cash_flow_detail_xbrl,BankCashFlowDetailXbrl,updatedAt,updated_at,,
